Rk,Player,Pos,Age,Tm,G,GS,MP,FG,FGA,FG%,3P,3PA,3P%,2P,2PA,2P%,eFG%,FT,FTA,FT%,ORB,DRB,TRB,AST,STL,BLK,TOV,PF,PTS
1,Precious Achiuwa\achiupr01,C,22,TOR,29,17,24.4,3.3,8.1,.406,0.3,1.2,.257,3.0,6.9,.432,.425,1.0,1.8,.569,2.3,5.2,7.5,1.4,0.6,0.6,1.1,2.2,7.9
2,Steven Adams\adamsst01,C,28,MEM,40,40,25.7,2.6,5.0,.530,0.0,0.0,,2.6,5.0,.530,.530,1.7,2.9,.600,4.3,5.1,9.4,3.0,0.8,0.6,1.6,1.7,7.0
3,Bam Adebayo\adebaba01,C,24,MIA,18,18,32.9,7.0,13.5,.519,0.0,0.1,.000,7.0,13.4,.521,.519,4.7,6.2,.759,2.7,7.4,10.2,3.2,1.1,0.3,2.9,3.3,18.7
4,Santi Aldama\aldamsa01,PF,21,MEM,22,0,10.9,1.5,3.9,.376,0.2,1.6,.114,1.3,2.3,.560,.400,0.5,0.9,.579,1.0,1.7,2.7,0.6,0.1,0.3,0.4,1.0,3.6
5,LaMarcus Aldridge\aldrila01,C,36,BRK,29,10,22.9,5.7,10.1,.565,0.4,1.2,.343,5.3,8.9,.595,.586,1.5,1.8,.846,1.5,4.1,5.6,0.8,0.4,1.1,0.9,1.7,13.3
6,Nickeil Alexander-Walker\alexani01,SG,23,NOP,38,18,27.1,4.9,13.3,.371,2.1,6.6,.316,2.9,6.8,.424,.449,1.2,1.7,.708,0.8,2.7,3.5,2.6,0.9,0.3,1.7,1.8,13.2
7,Grayson Allen\allengr01,SG,26,MIL,36,35,28.4,4.1,9.9,.414,2.7,7.0,.389,1.4,2.9,.476,.552,1.0,1.1,.854,0.4,2.9,3.4,1.3,0.8,0.4,0.6,1.4,11.9
8,Jarrett Allen\allenja01,C,23,CLE,34,34,32.6,6.9,9.9,.699,0.0,0.2,.125,6.9,9.6,.713,.701,3.0,4.3,.705,3.4,7.5,10.9,1.8,0.9,1.5,1.8,1.8,16.9
9,Jose Alvarado\alvarjo01,PG,23,NOP,14,0,7.2,0.6,2.1,.276,0.4,1.1,.313,0.2,0.9,.231,.362,0.5,0.8,.636,0.3,0.4,0.6,1.1,0.6,0.1,0.1,0.9,2.0
10,Justin Anderson\anderju01,SF,28,TOT,6,0,12.8,1.0,3.2,.316,0.5,2.5,.200,0.5,0.7,.750,.395,1.0,1.2,.857,0.3,1.3,1.7,1.5,0.3,0.2,0.5,1.5,3.5
10,Justin Anderson\anderju01,SF,28,CLE,3,0,15.7,1.3,2.7,.500,0.7,2.0,.333,0.7,0.7,1.000,.625,1.0,1.3,.750,0.0,2.0,2.0,2.0,0.3,0.0,0.7,1.3,4.3
10,Justin Anderson\anderju01,SF,28,IND,3,0,10.0,0.7,3.7,.182,0.3,3.0,.111,0.3,0.7,.500,.227,1.0,1.0,1.000,0.7,0.7,1.3,1.0,0.3,0.3,0.3,1.7,2.7
11,Kyle Anderson\anderky01,PF,28,MEM,35,7,22.6,3.3,7.4,.438,0.7,2.0,.338,2.6,5.4,.476,.485,1.1,1.6,.673,0.9,4.4,5.3,2.7,1.1,0.6,1.1,1.5,8.3
12,Giannis Antetokounmpo\antetgi01,PF,27,MIL,34,34,32.5,10.0,18.4,.541,1.1,3.9,.284,8.9,14.5,.611,.571,7.4,10.5,.700,1.9,9.6,11.4,6.0,1.1,1.4,3.4,3.2,28.4
13,Thanasis Antetokounmpo\antetth01,SF,29,MIL,27,5,12.1,1.4,3.0,.457,0.0,0.4,.091,1.3,2.6,.514,.463,0.6,0.9,.625,1.1,1.7,2.9,0.7,0.5,0.2,0.6,2.0,3.3
14,Carmelo Anthony\anthoca01,PF,37,LAL,41,3,27.0,4.5,10.5,.427,2.3,6.0,.389,2.1,4.5,.478,.538,1.9,2.3,.802,0.8,3.3,4.1,1.0,0.8,0.8,0.8,2.3,13.2
15,Cole Anthony\anthoco01,PG,21,ORL,27,27,34.0,6.8,16.7,.406,2.7,7.7,.348,4.1,9.0,.455,.486,3.6,4.2,.860,0.5,5.6,6.1,5.7,0.9,0.2,2.7,2.6,19.9
16,OG Anunoby\anunoog01,SF,24,TOR,23,23,36.0,7.0,16.0,.439,2.7,7.3,.363,4.4,8.7,.502,.522,2.6,3.2,.808,1.4,3.7,5.1,2.3,1.6,0.4,1.6,2.8,19.3
17,Trevor Ariza\arizatr01,SF,36,LAL,7,1,16.6,1.1,2.0,.571,1.0,1.9,.538,0.1,0.1,1.000,.821,0.1,0.3,.500,0.1,3.0,3.1,1.0,0.1,0.1,0.1,0.4,3.4
18,D.J. Augustin\augusdj01,PG,34,HOU,31,2,15.0,1.6,3.9,.402,1.1,2.8,.395,0.5,1.2,.417,.541,1.0,1.1,.882,0.2,0.9,1.1,2.3,0.3,0.0,1.3,0.5,5.2
19,Deni Avdija\avdijde01,SF,21,WAS,41,5,23.0,2.6,6.1,.430,0.9,2.8,.302,1.8,3.3,.541,.500,1.1,1.5,.721,0.7,4.2,4.9,1.5,0.8,0.7,0.9,2.3,7.2
20,Joel Ayayi\ayayijo01,SG,21,WAS,7,0,2.9,0.1,0.9,.167,0.0,0.1,.000,0.1,0.7,.200,.167,0.0,0.0,,0.1,0.3,0.4,0.6,0.0,0.0,0.0,0.0,0.3
21,Deandre Ayton\aytonde01,C,23,PHO,26,26,30.7,7.3,11.6,.631,0.0,0.3,.143,7.3,11.3,.643,.633,2.1,3.0,.705,2.8,8.1,10.9,1.5,0.7,0.8,1.7,2.2,16.8
22,Udoka Azubuike\azubuud01,C,22,UTA,6,1,6.7,0.7,0.8,.800,0.0,0.0,,0.7,0.8,.800,.800,0.2,0.3,.500,0.3,1.0,1.3,0.0,0.2,0.3,0.3,0.5,1.5
23,Marvin Bagley III\baglema01,PF,22,SAC,23,10,20.9,3.1,7.5,.419,0.5,2.2,.220,2.7,5.3,.500,.451,1.3,1.7,.750,2.4,4.6,7.0,0.6,0.3,0.3,0.7,1.6,8.0
24,LaMelo Ball\ballla01,PG,20,CHO,35,35,31.8,7.1,16.7,.424,2.8,7.3,.379,4.3,9.3,.459,.507,2.5,2.9,.873,1.6,5.7,7.3,7.6,1.7,0.4,3.1,3.1,19.4
25,Lonzo Ball\balllo01,PG,24,CHI,33,33,35.1,4.7,11.1,.422,3.2,7.5,.423,1.5,3.6,.420,.564,0.6,0.8,.760,1.0,4.5,5.5,5.1,1.9,0.9,2.3,2.4,13.1
26,Mo Bamba\bambamo01,C,23,ORL,32,32,28.1,4.0,9.0,.448,1.3,3.8,.333,2.8,5.2,.533,.519,0.7,0.9,.767,2.3,6.2,8.4,1.5,0.8,2.1,1.3,2.5,10.1
27,Desmond Bane\banede01,SF,23,MEM,42,42,29.9,6.7,14.3,.467,3.0,7.0,.427,3.7,7.3,.507,.572,1.2,1.4,.877,0.5,4.0,4.5,2.4,1.0,0.5,1.5,2.5,17.5
28,Dalano Banton\bantoda01,SF,22,TOR,32,1,11.9,1.5,3.7,.410,0.2,0.8,.269,1.3,2.8,.451,.440,0.6,0.8,.750,0.6,1.5,2.1,1.7,0.4,0.2,1.0,1.3,3.8
29,Cat Barber\barbeca01,PG,27,ATL,3,0,4.3,0.0,1.3,.000,0.0,0.0,,0.0,1.3,.000,.000,0.0,1.3,.000,0.3,0.7,1.0,1.0,0.0,0.0,0.3,0.3,0.0
30,Harrison Barnes\barneha02,PF,29,SAC,38,38,33.3,5.0,11.1,.447,2.1,4.9,.422,2.9,6.2,.466,.540,4.1,4.9,.824,1.2,4.9,6.1,2.3,0.7,0.2,1.7,1.2,16.1
31,Scottie Barnes\barnesc01,PF,20,TOR,32,32,35.5,5.9,12.2,.482,0.8,2.3,.324,5.1,9.9,.519,.513,2.2,3.1,.714,2.9,5.1,8.0,3.5,1.0,0.9,1.9,2.8,14.7
32,RJ Barrett\barrerj01,SF,21,NYK,34,34,31.6,5.8,14.1,.410,1.9,5.4,.348,3.9,8.7,.449,.477,2.7,3.9,.692,0.7,4.7,5.4,2.4,0.5,0.3,1.8,2.1,16.2
33,Will Barton\bartowi01,SG,31,DEN,34,34,32.8,5.8,13.6,.422,2.3,6.4,.361,3.4,7.2,.478,.508,1.2,1.5,.808,0.6,4.3,4.9,4.2,0.9,0.4,1.9,1.4,15.1
34,Paris Bass\basspa01,SF,26,PHO,2,0,3.5,1.0,3.0,.333,0.0,1.0,.000,1.0,2.0,.500,.333,1.0,1.0,1.000,1.0,1.0,2.0,0.0,0.5,0.0,1.0,1.0,3.0
35,Charles Bassey\bassech01,PF,21,PHI,18,0,7.9,1.3,2.0,.667,0.0,0.2,.000,1.3,1.8,.727,.667,0.4,0.6,.727,1.0,2.0,3.0,0.3,0.2,0.8,0.4,1.5,3.1
36,Keita Bates-Diop\bateske01,SF,26,SAS,32,11,16.8,2.2,4.3,.522,0.3,0.8,.296,2.0,3.4,.578,.551,0.8,1.1,.667,1.1,3.1,4.1,0.6,0.5,0.3,0.8,1.0,5.4
37,Nicolas Batum\batumni01,PF,33,LAC,23,19,25.5,3.0,6.2,.476,1.9,4.9,.393,1.0,1.3,.774,.629,0.3,0.5,.500,0.4,4.2,4.6,1.6,1.0,0.7,0.9,1.3,8.1
38,Kent Bazemore\bazemke01,SF,32,LAL,24,14,17.0,1.4,4.2,.327,0.8,2.3,.333,0.6,2.0,.319,.416,0.4,0.5,.769,0.3,1.7,2.0,0.9,0.8,0.3,0.3,2.1,3.9
39,Darius Bazley\bazleda01,PF,21,OKC,35,27,26.5,3.3,8.5,.393,0.9,3.4,.275,2.4,5.1,.472,.448,1.3,2.0,.634,1.1,5.2,6.3,1.2,0.7,1.3,1.4,1.0,8.9
40,Bradley Beal\bealbr01,SG,28,WAS,34,34,36.0,9.1,20.0,.455,1.6,5.5,.298,7.4,14.4,.515,.496,4.2,5.0,.840,1.0,3.7,4.7,6.4,0.9,0.4,3.4,2.4,24.0
41,Malik Beasley\beaslma01,SG,25,MIN,41,9,27.2,4.5,12.0,.374,3.0,8.7,.346,1.5,3.3,.448,.500,0.5,0.7,.741,0.4,2.8,3.2,1.6,0.6,0.1,0.8,1.2,12.5
42,Jordan Bell\belljo01,C,27,CHI,1,0,2.0,0.0,0.0,,0.0,0.0,,0.0,0.0,,,0.0,0.0,,1.0,0.0,1.0,0.0,1.0,0.0,0.0,2.0,0.0
43,DeAndre' Bembry\bembrde01,SF,27,BRK,35,15,19.8,2.5,4.3,.589,0.3,0.7,.462,2.2,3.6,.616,.629,0.4,0.7,.577,0.7,2.5,3.2,1.2,1.0,0.5,0.7,2.1,5.9
44,Dāvis Bertāns\bertada01,PF,29,WAS,28,0,15.8,2.0,5.5,.368,1.6,4.6,.346,0.4,0.9,.480,.513,1.0,1.0,.931,0.2,1.8,2.0,0.5,0.4,0.2,0.5,1.7,6.6
45,Patrick Beverley\beverpa01,PG,33,MIN,28,24,26.5,3.3,7.8,.427,1.3,4.0,.324,2.0,3.8,.533,.509,1.3,1.8,.725,1.2,3.3,4.5,5.1,1.1,0.9,1.3,2.9,9.3
46,Saddiq Bey\beysa01,SF,22,DET,40,40,33.8,5.3,13.8,.380,2.3,7.1,.329,2.9,6.8,.433,.464,2.4,2.9,.825,1.5,4.8,6.3,2.5,0.9,0.2,1.5,1.7,15.2
47,Khem Birch\birchkh01,C,29,TOR,22,6,21.8,2.3,4.6,.500,0.0,0.4,.000,2.3,4.3,.543,.500,1.4,1.9,.738,2.7,2.6,5.4,1.3,0.9,0.5,0.7,1.8,6.0
48,Goga Bitadze\bitadgo01,C,22,IND,21,0,8.1,0.9,2.8,.322,0.2,1.3,.143,0.7,1.5,.484,.356,0.5,0.9,.611,1.0,1.2,2.2,0.1,0.5,0.5,0.4,1.5,2.5
49,Bismack Biyombo\biyombi01,C,29,PHO,4,0,16.3,2.8,4.0,.688,0.0,0.0,,2.8,4.0,.688,.688,1.3,2.0,.625,2.0,3.0,5.0,1.0,0.8,1.8,0.5,1.8,6.8
50,Nemanja Bjelica\bjeline01,C,33,GSW,40,0,15.0,2.4,5.3,.455,1.0,2.6,.379,1.4,2.7,.528,.547,0.8,1.2,.667,0.8,3.0,3.9,1.5,0.6,0.3,1.1,1.5,6.6
51,Eric Bledsoe\bledser01,PG,32,LAC,42,29,26.6,3.8,9.0,.426,1.0,3.0,.313,2.9,5.9,.484,.479,1.7,2.1,.778,0.5,3.0,3.5,4.2,1.4,0.4,2.2,1.6,10.2
52,Keljin Blevins\blevike01,SF,26,POR,3,0,4.7,0.7,1.3,.500,0.7,1.0,.667,0.0,0.3,.000,.750,0.0,0.0,,0.0,0.3,0.3,0.3,0.0,0.0,0.7,0.0,2.0
53,Bogdan Bogdanović\bogdabo01,SG,29,ATL,26,24,28.8,4.5,10.8,.418,2.2,6.1,.367,2.3,4.7,.484,.521,0.9,1.2,.742,0.3,3.4,3.7,2.5,0.7,0.2,1.0,1.8,12.1
54,Bojan Bogdanović\bogdabo02,PF,32,UTA,40,40,30.5,6.2,12.8,.483,2.6,6.4,.410,3.6,6.4,.557,.586,3.2,3.7,.864,0.8,3.4,4.2,1.6,0.5,0.0,1.7,1.7,18.2
55,Bol Bol\bolbo01,PF,22,DEN,14,0,5.8,1.1,1.9,.556,0.1,0.3,.250,1.0,1.6,.609,.574,0.1,0.4,.400,0.3,1.1,1.4,0.4,0.1,0.1,0.3,0.3,2.4
56,Leandro Bolmaro\bolmale01,SF,21,MIN,23,2,8.0,0.4,1.4,.281,0.1,0.5,.167,0.3,0.9,.350,.313,0.3,0.4,.889,0.7,0.9,1.5,0.5,0.2,0.0,0.5,0.9,1.2
57,Isaac Bonga\bongais01,SF,22,TOR,12,0,5.3,0.3,1.1,.231,0.1,0.3,.250,0.2,0.8,.222,.269,0.3,0.5,.667,0.3,0.3,0.6,0.3,0.6,0.2,0.2,0.8,0.9
58,Devin Booker\bookede01,SG,25,PHO,33,33,32.8,8.3,19.1,.437,2.6,6.4,.406,5.7,12.6,.453,.506,4.1,4.7,.871,0.8,4.5,5.4,4.4,1.0,0.3,2.7,2.5,23.4
59,Brandon Boston Jr.\bostobr01,SG,20,LAC,25,0,15.8,2.4,6.6,.360,0.6,2.3,.276,1.7,4.2,.406,.409,1.4,1.6,.850,0.3,1.9,2.2,0.8,0.6,0.2,0.7,0.7,6.7
60,Chris Boucher\bouchch01,PF,29,TOR,36,7,18.3,3.1,6.9,.440,0.6,2.8,.228,2.4,4.1,.584,.486,1.8,2.3,.750,2.0,3.5,5.5,0.4,0.6,1.0,0.7,1.9,8.5
61,James Bouknight\bouknja01,SG,21,CHO,18,0,8.2,1.3,3.7,.343,0.6,1.6,.393,0.7,2.2,.308,.425,0.4,0.6,.800,0.8,0.7,1.5,0.8,0.1,0.0,0.3,0.7,3.6
62,Avery Bradley\bradlav01,SG,31,LAL,33,28,23.8,2.6,6.1,.431,1.4,3.5,.397,1.2,2.6,.477,.545,0.2,0.2,1.000,0.5,2.0,2.5,0.8,0.9,0.2,0.5,1.8,6.9
63,Tony Bradley\bradlto01,C,24,CHI,26,7,12.4,1.8,3.0,.590,0.0,0.0,,1.8,3.0,.590,.590,0.3,0.4,.727,1.5,3.0,4.5,0.5,0.2,0.7,0.7,1.3,3.8
64,Ignas Brazdeikis\brazdig01,SF,23,ORL,16,0,9.0,0.8,2.6,.286,0.3,1.4,.182,0.5,1.3,.400,.333,0.3,0.4,.833,0.4,0.9,1.4,0.5,0.3,0.1,0.3,1.0,2.1
65,Mikal Bridges\bridgmi01,SF,25,PHO,40,40,34.2,5.0,9.6,.517,1.5,3.7,.396,3.5,5.9,.594,.594,1.0,1.2,.851,1.0,3.0,3.9,1.8,1.3,0.5,0.8,2.0,12.4
66,Miles Bridges\bridgmi02,PF,23,CHO,39,39,35.9,7.4,15.5,.476,1.9,5.9,.317,5.5,9.6,.574,.536,2.9,3.9,.755,1.3,5.9,7.3,3.6,1.2,0.8,1.8,2.5,19.5
67,Oshae Brissett\brissos01,SF,23,IND,30,1,18.3,2.4,5.3,.444,0.9,2.5,.378,1.4,2.9,.500,.531,0.5,0.9,.571,1.3,2.5,3.8,0.8,0.5,0.3,0.7,1.4,6.2
68,Malcolm Brogdon\brogdma01,PG,29,IND,26,26,34.3,6.7,15.0,.446,1.8,5.7,.311,4.9,9.3,.529,.505,3.8,4.5,.855,0.9,4.4,5.3,6.1,0.9,0.4,2.2,2.1,19.0
69,Armoni Brooks\brookar01,SG,23,HOU,33,8,18.2,2.5,6.7,.367,1.8,5.6,.317,0.7,1.1,.629,.500,0.5,0.5,.889,0.3,1.7,2.0,1.4,0.6,0.2,0.6,1.6,7.2
70,Dillon Brooks\brookdi01,SF,26,MEM,21,20,28.0,6.9,16.2,.426,1.6,4.8,.327,5.3,11.4,.469,.475,3.0,3.4,.889,0.8,2.5,3.3,2.7,1.3,0.2,1.8,3.3,18.4
71,Bruce Brown\brownbr01,SF,25,BRK,30,17,22.5,3.0,6.1,.489,0.3,1.0,.333,2.7,5.1,.519,.516,0.6,0.8,.750,1.3,3.2,4.5,1.3,1.2,0.5,0.7,2.7,6.9
72,Charlie Brown Jr.\brownch02,SG,24,TOT,5,0,10.0,0.4,2.0,.200,0.0,1.2,.000,0.4,0.8,.500,.200,0.4,0.6,.667,0.2,1.4,1.6,0.4,1.2,0.4,0.4,0.8,1.2
72,Charlie Brown Jr.\brownch02,SG,24,DAL,3,0,5.0,0.3,1.7,.200,0.0,1.0,.000,0.3,0.7,.500,.200,0.0,0.0,,0.0,0.3,0.3,0.3,0.7,0.3,0.0,0.7,0.7
72,Charlie Brown Jr.\brownch02,SG,24,PHI,2,0,17.5,0.5,2.5,.200,0.0,1.5,.000,0.5,1.0,.500,.200,1.0,1.5,.667,0.5,3.0,3.5,0.5,2.0,0.5,1.0,1.0,2.0
73,Chaundee Brown Jr.\brownch05,SG-SF,23,TOT,5,2,20.8,2.0,6.4,.313,1.2,3.6,.333,0.8,2.8,.286,.406,1.0,1.2,.833,0.2,3.0,3.2,0.8,0.4,0.0,0.2,1.4,6.2
73,Chaundee Brown Jr.\brownch05,SF,23,LAL,2,0,10.5,0.5,3.5,.143,0.0,1.5,.000,0.5,2.0,.250,.143,0.0,0.0,,0.0,1.0,1.0,0.0,0.0,0.0,0.5,0.0,1.0
73,Chaundee Brown Jr.\brownch05,SG,23,ATL,3,2,27.7,3.0,8.3,.360,2.0,5.0,.400,1.0,3.3,.300,.480,1.7,2.0,.833,0.3,4.3,4.7,1.3,0.7,0.0,0.0,2.3,9.7
74,Greg Brown III\browngr01,SF,20,POR,15,0,4.9,0.7,1.8,.370,0.0,0.3,.000,0.7,1.5,.455,.370,0.3,0.7,.364,0.5,0.9,1.3,0.3,0.1,0.3,0.3,0.7,1.6
75,Jaylen Brown\brownja02,SF,25,BOS,27,27,34.8,8.8,19.2,.459,2.8,7.6,.368,6.0,11.7,.517,.531,3.8,4.9,.767,0.9,5.7,6.6,3.0,1.1,0.5,3.1,2.7,24.2
76,Moses Brown\brownmo01,C,22,DAL,24,1,6.8,1.1,2.0,.563,0.0,0.0,,1.1,2.0,.563,.563,1.1,1.8,.628,0.6,1.8,2.4,0.0,0.1,0.3,0.6,1.2,3.4
77,Sterling Brown\brownst02,SG,26,DAL,32,3,15.0,1.5,3.7,.407,0.8,2.3,.351,0.7,1.4,.500,.517,0.3,0.3,.900,0.7,3.0,3.7,0.9,0.4,0.2,0.6,1.2,4.1
78,Troy Brown Jr.\browntr01,SF,22,CHI,27,1,14.7,1.6,3.9,.415,0.5,1.7,.311,1.1,2.3,.492,.481,0.4,0.6,.750,0.5,2.3,2.8,1.3,0.7,0.1,0.3,0.8,4.2
79,Jalen Brunson\brunsja01,PG,25,DAL,39,21,30.7,6.4,12.8,.499,1.1,3.1,.336,5.4,9.7,.551,.540,2.2,2.8,.771,0.6,3.1,3.7,5.6,0.8,0.1,1.7,1.8,16.0
80,Shaq Buchanan\buchash01,PG,25,MEM,2,0,5.0,0.5,2.0,.250,0.0,1.0,.000,0.5,1.0,.500,.250,0.0,0.0,,0.5,0.5,1.0,1.0,0.5,0.0,1.0,0.5,1.0
81,Reggie Bullock\bullore01,SF,30,DAL,33,13,24.3,2.3,6.2,.379,1.5,4.6,.318,0.9,1.6,.558,.498,0.4,0.5,.765,0.2,2.7,2.9,1.1,0.4,0.2,0.5,1.4,6.5
82,Trey Burke\burketr01,PG,29,DAL,19,0,13.6,2.9,6.7,.430,0.8,2.6,.327,2.1,4.2,.494,.492,0.8,0.9,.941,0.1,1.1,1.2,2.1,0.4,0.0,0.8,1.0,7.5
83,Alec Burks\burksal01,SG,30,NYK,40,16,27.6,3.7,9.3,.392,1.9,4.7,.407,1.7,4.6,.377,.496,2.6,3.2,.817,0.5,3.7,4.2,2.4,1.3,0.3,0.9,2.3,11.8
84,Jared Butler\butleja02,SG,21,UTA,20,1,5.7,0.9,2.6,.346,0.5,1.5,.333,0.4,1.1,.364,.442,0.3,0.5,.667,0.1,0.7,0.8,0.7,0.2,0.3,0.8,1.0,2.6
85,Jimmy Butler\butleji01,SF,32,MIA,23,23,33.8,7.8,15.7,.500,0.5,1.9,.250,7.3,13.7,.535,.515,7.0,8.1,.871,1.9,4.0,5.9,5.4,2.0,0.4,2.0,1.3,23.2
86,Devontae Cacok\cacokde01,PF,25,SAS,6,0,9.0,2.2,3.2,.684,0.0,0.0,,2.2,3.2,.684,.684,0.0,0.0,,0.8,2.5,3.3,0.3,0.7,0.8,0.2,1.3,4.3
87,Kentavious Caldwell-Pope\caldwke01,SG,28,WAS,38,38,29.7,4.2,9.9,.420,2.1,5.5,.389,2.0,4.4,.458,.528,1.2,1.3,.882,0.5,3.1,3.6,1.7,1.2,0.4,1.3,1.8,11.6
88,Facundo Campazzo\campafa01,PG,30,DEN,38,4,22.1,2.1,5.6,.379,1.2,3.5,.328,0.9,2.0,.468,.483,1.2,1.4,.815,0.4,1.8,2.2,4.0,1.1,0.5,1.2,2.2,6.5
89,Vlatko Čančar\cancavl01,PF,24,DEN,14,1,10.9,1.6,2.8,.564,0.5,0.9,.583,1.1,1.9,.556,.654,0.6,0.9,.750,0.4,1.2,1.6,0.9,0.1,0.2,0.6,0.9,4.3
90,Clint Capela\capelca01,C,27,ATL,36,36,29.7,5.3,9.3,.569,0.0,0.0,.000,5.3,9.3,.571,.569,1.3,2.7,.464,4.2,8.9,13.1,1.4,0.8,1.5,0.6,2.5,11.8
91,Vernon Carey Jr.\careyve01,C,20,CHO,2,1,6.0,1.5,3.0,.500,0.0,0.0,,1.5,3.0,.500,.500,0.5,0.5,1.000,1.0,0.5,1.5,0.0,0.5,0.0,0.5,0.5,3.5
92,Jevon Carter\carteje01,PG,26,BRK,31,1,11.6,0.9,3.2,.283,0.7,2.5,.299,0.2,0.7,.227,.399,0.1,0.1,.750,0.2,1.3,1.5,1.0,0.4,0.3,0.5,1.0,2.6
93,Wendell Carter Jr.\cartewe01,C,22,ORL,37,37,29.4,4.9,10.1,.489,1.2,3.8,.331,3.7,6.4,.583,.551,2.0,2.7,.723,2.2,8.1,10.3,2.7,0.7,0.6,1.6,2.8,13.1
94,Alex Caruso\carusal01,SG,27,CHI,26,9,28.0,2.8,6.3,.448,1.1,3.0,.364,1.7,3.3,.523,.534,1.7,2.0,.830,1.0,2.8,3.7,4.0,2.0,0.3,1.5,2.5,8.4
95,Willie Cauley-Stein\caulewi01,C,28,DAL,18,2,9.8,0.9,1.9,.457,0.1,0.1,.500,0.8,1.8,.455,.471,0.1,0.1,.500,0.7,1.4,2.1,0.5,0.3,0.2,0.4,0.9,1.9
96,Ahmad Caver\caverah01,PG,25,IND,1,0,1.0,1.0,1.0,1.000,0.0,0.0,,1.0,1.0,1.000,1.000,0.0,0.0,,0.0,0.0,0.0,0.0,0.0,0.0,0.0,0.0,2.0
97,Justin Champagnie\champju01,SF,20,TOR,21,0,7.7,1.1,2.2,.511,0.2,0.7,.333,0.9,1.5,.594,.564,0.4,0.4,1.000,1.3,0.7,2.0,0.2,0.2,0.1,0.1,1.0,3.0
98,Chris Chiozza\chiozch01,PG,26,GSW,19,1,11.1,0.7,2.7,.275,0.6,1.7,.344,0.2,1.0,.158,.382,0.1,0.1,1.000,0.4,0.8,1.3,1.7,0.4,0.0,0.9,1.1,2.1
99,Marquese Chriss\chrisma01,PF,24,DAL,10,0,11.9,2.6,4.5,.578,0.4,1.0,.400,2.2,3.5,.629,.622,0.5,0.8,.625,0.9,3.2,4.1,0.2,0.2,0.4,0.9,3.0,6.1
100,Josh Christopher\chrisjo01,SG,20,HOU,34,2,16.0,2.6,5.7,.454,0.8,2.2,.347,1.8,3.5,.521,.521,1.2,1.5,.800,0.6,1.3,2.0,1.7,0.9,0.1,1.5,1.1,7.1
101,Gary Clark\clarkga01,PF,27,NOP,10,1,11.7,1.3,2.6,.500,1.2,2.3,.522,0.1,0.3,.333,.731,0.2,0.4,.500,0.6,2.0,2.6,0.4,0.3,0.2,0.3,0.2,4.0
102,Brandon Clarke\clarkbr01,PF,25,MEM,29,0,17.6,4.1,6.3,.647,0.1,0.5,.133,4.0,5.8,.692,.652,1.2,1.8,.654,1.9,3.3,5.2,1.4,0.3,1.0,0.5,1.7,9.4
103,Jordan Clarkson\clarkjo01,SG,29,UTA,40,0,25.8,5.6,13.9,.399,2.6,8.1,.318,3.0,5.8,.513,.492,1.5,1.8,.795,0.7,2.7,3.5,2.3,0.7,0.2,1.6,1.8,15.1
104,Nic Claxton\claxtni01,C,22,BRK,20,14,22.2,4.0,6.1,.656,0.0,0.0,,4.0,6.1,.656,.656,1.2,2.0,.615,1.9,3.6,5.5,1.0,0.6,1.2,0.8,2.5,9.2
105,Amir Coffey\coffeam01,SG,24,LAC,29,7,18.4,1.9,4.3,.448,1.0,2.7,.385,0.9,1.6,.553,.568,1.3,1.6,.867,0.3,2.4,2.8,1.3,0.4,0.2,0.3,1.1,6.2
106,John Collins\collijo01,PF,24,ATL,34,34,32.6,6.6,12.1,.541,1.3,3.0,.427,5.3,9.1,.579,.595,3.1,3.9,.794,1.9,6.0,7.9,2.0,0.7,1.1,1.1,3.0,17.5
107,Darren Collison\collida01,PG,34,LAL,3,0,12.3,0.7,2.3,.286,0.0,1.0,.000,0.7,1.3,.500,.286,0.0,0.0,,0.0,1.3,1.3,0.7,0.3,0.0,0.3,1.7,1.3
108,Mike Conley\conlemi01,PG,34,UTA,36,36,28.5,5.0,10.8,.463,2.4,5.7,.424,2.6,5.1,.505,.575,1.6,2.0,.817,0.6,2.4,3.0,5.4,1.1,0.3,1.6,1.7,14.0
109,Pat Connaughton\connapa01,SG,29,MIL,40,15,28.1,3.9,8.3,.471,2.4,6.0,.395,1.6,2.3,.667,.613,0.7,0.8,.788,0.7,3.9,4.6,1.4,1.0,0.3,0.7,1.3,10.8
110,Tyler Cook\cookty01,PF,24,CHI,9,0,10.4,1.4,2.2,.650,0.0,0.0,,1.4,2.2,.650,.650,1.6,1.8,.875,0.7,1.7,2.3,0.3,0.3,0.1,0.4,1.6,4.4
111,Sharife Cooper\coopesh01,PG,20,ATL,9,0,3.7,0.3,1.4,.231,0.1,0.6,.200,0.2,0.9,.250,.269,0.0,0.0,,0.0,0.6,0.6,0.6,0.0,0.0,0.6,0.1,0.8
112,Petr Cornelie\cornepe01,PF,26,DEN,13,0,2.9,0.4,1.2,.333,0.1,0.6,.125,0.3,0.5,.571,.367,0.2,0.3,.750,0.5,0.5,1.1,0.2,0.1,0.1,0.3,0.5,1.1
113,DeMarcus Cousins\couside01,C,31,MIL,17,5,16.9,3.2,6.9,.466,0.8,2.8,.271,2.5,4.1,.600,.521,1.8,2.2,.816,1.4,4.4,5.8,1.1,0.9,0.5,0.9,2.7,9.1
114,Robert Covington\covinro01,PF,31,POR,37,29,28.2,2.7,6.6,.407,1.7,4.7,.354,1.0,1.8,.544,.535,0.4,0.4,1.000,0.7,4.5,5.2,1.2,1.4,1.3,1.1,2.5,7.4
115,Torrey Craig\craigto01,SF,31,IND,36,1,16.7,2.3,4.5,.497,0.7,2.1,.320,1.6,2.4,.648,.571,0.7,0.8,.828,1.2,2.3,3.4,1.0,0.4,0.3,0.7,1.7,5.8
116,Jae Crowder\crowdja01,PF,31,PHO,34,34,28.3,3.3,8.1,.404,1.9,5.5,.344,1.4,2.6,.528,.520,1.0,1.2,.786,0.4,4.3,4.6,1.4,1.2,0.5,0.9,2.3,9.4
117,Jarrett Culver\culveja01,SG,22,MEM,17,0,10.6,1.8,4.1,.435,0.3,1.3,.227,1.5,2.8,.532,.471,0.4,0.8,.500,0.3,1.4,1.7,1.1,0.5,0.1,0.2,0.9,4.2
118,Jarron Cumberland\cumbeja01,SG,24,POR,3,0,4.0,0.3,0.7,.500,0.0,0.3,.000,0.3,0.3,1.000,.500,0.0,0.0,,0.3,0.7,1.0,0.3,0.0,0.0,0.0,0.7,0.7
119,Cade Cunningham\cunnica01,PG,20,DET,31,31,32.4,5.7,14.8,.386,2.2,6.9,.322,3.5,7.9,.441,.461,1.8,2.1,.846,0.9,4.8,5.7,5.4,1.3,0.6,3.8,2.9,15.4
120,Seth Curry\curryse01,SG,31,PHI,35,35,34.8,6.2,12.0,.514,2.2,5.4,.411,3.9,6.6,.600,.607,1.8,2.0,.873,0.4,2.9,3.3,3.9,0.8,0.1,1.8,2.3,16.3
121,Stephen Curry\curryst01,PG,33,GSW,37,37,34.9,8.6,20.6,.420,5.0,13.1,.384,3.6,7.5,.484,.543,4.5,4.9,.918,0.6,4.8,5.5,6.1,1.4,0.5,3.4,2.1,26.8
122,Anthony Davis\davisan02,C,28,LAL,27,27,35.4,9.3,17.9,.521,0.4,2.1,.179,8.9,15.8,.566,.531,4.3,6.0,.727,2.7,7.1,9.9,2.9,1.2,2.0,2.2,2.3,23.3
123,Ed Davis\davised01,C,32,CLE,12,2,9.3,0.8,1.0,.750,0.0,0.0,,0.8,1.0,.750,.750,0.1,0.5,.167,0.4,2.7,3.1,0.1,0.3,0.6,0.3,1.4,1.6
124,Terence Davis\daviste02,SG,24,SAC,24,7,16.6,3.3,8.2,.401,1.3,4.5,.294,2.0,3.7,.534,.482,1.0,1.2,.821,0.3,2.7,3.0,1.1,0.7,0.4,1.2,2.3,8.9
125,Gabriel Deck\deckga01,PF,26,OKC,7,0,8.0,1.1,2.0,.571,0.3,0.6,.500,0.9,1.4,.600,.643,0.0,0.0,,0.1,0.7,0.9,0.7,0.1,0.0,0.3,0.3,2.6
126,Dewayne Dedmon\dedmode01,C,32,MIA,33,15,17.2,2.5,4.4,.575,0.4,0.6,.600,2.2,3.8,.571,.616,1.0,1.3,.750,1.8,4.3,6.1,0.9,0.4,0.5,0.9,2.2,6.5
127,Sam Dekker\dekkesa01,PF,27,TOR,1,0,1.0,0.0,0.0,,0.0,0.0,,0.0,0.0,,,0.0,0.0,,0.0,0.0,0.0,0.0,0.0,0.0,0.0,0.0,0.0
128,Javin DeLaurier\delauja01,C,23,MIL,1,0,3.0,0.0,0.0,,0.0,0.0,,0.0,0.0,,,0.0,0.0,,0.0,1.0,1.0,0.0,1.0,0.0,0.0,1.0,0.0
129,DeMar DeRozan\derozde01,PF,32,CHI,35,35,34.9,9.5,19.2,.493,0.7,2.0,.352,8.7,17.1,.510,.512,6.5,7.7,.851,0.8,4.4,5.2,4.8,0.8,0.3,2.1,2.3,26.2
130,Cheick Diallo\diallch01,C,25,DET,3,0,10.3,1.0,2.7,.375,0.0,0.0,,1.0,2.7,.375,.375,1.7,2.0,.833,1.3,2.7,4.0,0.0,0.3,0.0,0.3,2.0,3.7
131,Hamidou Diallo\diallha01,SG,23,DET,33,16,21.9,4.4,8.5,.518,0.4,1.5,.275,4.0,7.0,.571,.543,1.3,2.1,.609,1.0,3.5,4.5,1.4,1.3,0.4,1.1,2.4,10.5
132,Gorgui Dieng\dienggo01,C,32,ATL,28,1,9.8,1.3,2.7,.461,0.6,1.4,.400,0.7,1.3,.528,.566,0.6,0.8,.762,0.9,2.4,3.3,0.9,0.3,0.4,0.6,1.3,3.6
133,Spencer Dinwiddie\dinwisp01,PG,28,WAS,32,32,30.3,4.5,11.4,.396,1.7,5.1,.325,2.9,6.3,.453,.469,2.7,3.4,.796,0.8,4.0,4.8,5.8,0.6,0.2,1.6,2.4,13.4
134,Donte DiVincenzo\divindo01,SG,25,MIL,4,0,16.5,1.0,6.3,.160,1.0,4.3,.235,0.0,2.0,.000,.240,3.0,3.3,.923,1.8,3.5,5.3,0.5,0.3,0.0,1.5,1.3,6.0
135,Luka Dončić\doncilu01,PG,22,DAL,25,25,34.8,9.1,20.8,.438,2.6,8.0,.318,6.6,12.8,.514,.500,4.0,5.6,.721,0.7,7.6,8.2,9.0,1.2,0.4,4.6,2.4,24.8
136,Luguentz Dort\dortlu01,SF,22,OKC,36,36,32.4,5.6,14.0,.398,2.4,7.6,.309,3.2,6.3,.504,.482,2.8,3.3,.842,0.7,3.4,4.1,1.7,0.9,0.4,1.6,2.9,16.3
137,Ayo Dosunmu\dosunay01,SG,22,CHI,34,2,19.4,2.6,4.9,.536,0.7,1.7,.439,1.9,3.2,.587,.611,0.6,0.9,.594,0.4,1.7,2.1,1.2,0.4,0.4,0.9,1.7,6.5
138,Damyean Dotson\dotsoda01,SG,27,NYK,2,0,10.5,1.0,2.0,.500,0.0,0.5,.000,1.0,1.5,.667,.500,0.0,0.0,,0.0,1.0,1.0,0.5,0.0,0.0,0.0,0.0,2.0
139,Devon Dotson\dotsode01,PG,22,CHI,9,0,8.2,1.1,2.1,.526,0.2,0.8,.286,0.9,1.3,.667,.579,0.6,0.9,.625,0.1,0.8,0.9,1.1,0.1,0.0,0.6,1.0,3.0
140,Sekou Doumbouya\doumbse01,PF,21,LAL,2,0,8.0,2.5,4.0,.625,0.5,1.0,.500,2.0,3.0,.667,.688,1.5,2.0,.750,1.0,2.0,3.0,0.0,1.5,1.0,1.0,0.5,7.0
141,Jeff Dowtin\dowtije01,PG,24,TOT,5,0,6.2,0.6,1.4,.429,0.0,0.4,.000,0.6,1.0,.600,.429,0.0,0.0,,0.2,1.2,1.4,0.6,0.0,0.2,0.2,0.4,1.2
141,Jeff Dowtin\dowtije01,PG,24,GSW,4,0,7.0,0.8,1.5,.500,0.0,0.3,.000,0.8,1.3,.600,.500,0.0,0.0,,0.3,1.5,1.8,0.8,0.0,0.3,0.3,0.5,1.5
141,Jeff Dowtin\dowtije01,PG,24,MIL,1,0,3.0,0.0,1.0,.000,0.0,1.0,.000,0.0,0.0,,.000,0.0,0.0,,0.0,0.0,0.0,0.0,0.0,0.0,0.0,0.0,0.0
142,PJ Dozier\doziepj01,SG,25,DEN,18,0,18.9,2.0,5.5,.364,0.8,2.7,.313,1.2,2.8,.412,.439,0.6,0.7,.769,0.8,2.7,3.5,1.6,0.6,0.3,0.7,1.8,5.4
143,Goran Dragić\dragigo01,PG,35,TOR,5,2,18.0,2.6,6.8,.382,0.8,2.8,.286,1.8,4.0,.450,.441,2.0,2.0,1.000,0.4,2.4,2.8,1.8,1.0,0.2,0.2,1.6,8.0
144,Andre Drummond\drumman01,C,28,PHI,34,11,19.2,2.7,5.2,.528,0.0,0.0,.000,2.7,5.1,.531,.528,1.1,1.9,.561,3.1,6.1,9.2,2.0,1.1,1.0,1.6,2.4,6.6
145,Chris Duarte\duartch01,SG,24,IND,34,25,28.6,5.0,11.6,.434,1.8,5.2,.352,3.2,6.4,.500,.513,1.2,1.7,.707,0.6,3.4,4.0,2.1,1.0,0.1,1.7,1.7,13.1
146,David Duke Jr.\dukeda01,PG,22,BRK,10,7,21.4,2.4,6.7,.358,0.3,2.0,.150,2.1,4.7,.447,.381,1.2,1.5,.800,2.3,2.6,4.9,1.1,0.7,0.5,0.6,2.5,6.3
147,Kevin Durant\duranke01,PF,33,BRK,34,34,37.4,10.8,20.9,.518,1.9,5.1,.362,9.0,15.8,.568,.562,6.3,7.1,.892,0.6,7.1,7.7,5.8,0.7,1.0,3.1,1.9,29.8
148,Jaime Echenique\echenja01,C,24,WAS,1,0,3.0,0.0,0.0,,0.0,0.0,,0.0,0.0,,,0.0,0.0,,0.0,0.0,0.0,0.0,0.0,0.0,0.0,0.0,0.0
149,Anthony Edwards\edwaran01,SG,20,MIN,35,35,35.5,8.2,18.6,.442,3.3,8.8,.371,5.0,9.8,.506,.530,2.7,3.4,.790,1.1,4.3,5.5,3.7,1.6,0.7,3.2,2.4,22.4
150,Kessler Edwards\edwarke02,SF,21,BRK,8,1,20.3,2.8,6.5,.423,1.3,3.0,.417,1.5,3.5,.429,.519,0.0,0.0,,1.4,3.3,4.6,1.1,0.6,0.6,1.1,1.1,6.8
151,Rob Edwards\edwarro01,SG,25,OKC,2,0,5.5,0.5,2.0,.250,0.5,2.0,.250,0.0,0.0,,.375,0.0,0.0,,0.0,1.5,1.5,0.0,0.0,0.0,0.5,0.0,1.5
152,CJ Elleby\ellebcj01,SF,21,POR,21,0,8.9,1.2,2.7,.456,0.5,1.4,.345,0.8,1.3,.571,.544,0.3,0.4,.875,0.6,1.4,2.0,0.4,0.2,0.0,0.5,1.2,3.3
153,Wayne Ellington\ellinwa01,SG,34,LAL,28,8,20.7,2.3,5.6,.408,2.0,5.1,.392,0.3,0.5,.571,.586,0.1,0.2,.800,0.3,1.5,1.7,0.8,0.5,0.1,0.5,1.0,6.7
154,Joel Embiid\embiijo01,C,27,PHI,28,28,33.0,8.6,17.9,.478,1.3,3.3,.385,7.3,14.7,.499,.513,8.6,10.5,.814,1.9,8.7,10.6,4.4,1.1,1.4,2.8,2.5,27.0
155,James Ennis III\ennisja01,SF,31,TOT,5,0,9.2,1.8,3.6,.500,0.6,1.2,.500,1.2,2.4,.500,.583,0.8,0.8,1.000,0.8,1.2,2.0,0.0,0.4,0.4,0.4,1.0,5.0
155,James Ennis III\ennisja01,SF,31,BRK,2,0,7.0,1.0,3.5,.286,0.5,1.0,.500,0.5,2.5,.200,.357,0.0,0.0,,1.0,1.5,2.5,0.0,0.5,0.5,0.0,0.0,2.5
155,James Ennis III\ennisja01,SF,31,LAC,2,0,14.0,3.5,5.5,.636,1.0,2.0,.500,2.5,3.5,.714,.727,2.0,2.0,1.000,1.0,1.5,2.5,0.0,0.5,0.5,0.5,2.0,10.0
155,James Ennis III\ennisja01,SF,31,DEN,1,0,4.0,0.0,0.0,,0.0,0.0,,0.0,0.0,,,0.0,0.0,,0.0,0.0,0.0,0.0,0.0,0.0,1.0,1.0,0.0
156,Drew Eubanks\eubandr01,C,24,SAS,37,8,12.7,1.8,3.4,.516,0.0,0.2,.167,1.7,3.2,.533,.520,1.4,1.8,.758,1.1,2.8,4.0,1.1,0.3,0.7,1.1,1.4,4.9
157,Tacko Fall\fallta01,C,26,CLE,11,1,5.4,0.5,1.1,.417,0.0,0.0,,0.5,1.1,.417,.417,0.2,0.6,.286,0.6,1.5,2.1,0.2,0.0,0.5,0.3,0.3,1.1
158,Derrick Favors\favorde01,C,30,OKC,30,12,16.0,2.3,4.7,.493,0.1,0.4,.167,2.3,4.3,.523,.500,0.3,0.6,.556,1.3,3.2,4.6,0.8,0.4,0.2,0.2,1.5,5.1
159,Bruno Fernando\fernabr01,C,23,BOS,12,0,2.7,0.3,0.4,.600,0.0,0.0,,0.3,0.4,.600,.600,0.0,0.0,,0.3,0.3,0.5,0.1,0.0,0.2,0.3,0.3,0.5
160,Dorian Finney-Smith\finnedo01,PF,28,DAL,39,39,32.1,3.9,8.5,.455,2.0,5.2,.388,1.9,3.4,.557,.572,0.8,1.2,.660,1.6,3.2,4.7,2.0,1.2,0.6,0.9,2.3,10.5
161,Malik Fitts\fittsma01,PF,24,UTA,7,0,5.0,0.3,1.3,.222,0.3,0.6,.500,0.0,0.7,.000,.333,0.0,0.0,,0.0,1.4,1.4,0.0,0.0,0.0,0.3,0.4,0.9
162,Malachi Flynn\flynnma01,PG,23,TOR,26,1,8.8,1.2,3.3,.349,0.5,1.7,.273,0.7,1.6,.429,.419,0.2,0.3,.571,0.2,0.8,1.1,1.0,0.4,0.1,0.3,0.9,2.9
163,Bryn Forbes\forbebr01,SG,28,SAS,38,1,16.5,3.1,7.2,.425,1.4,3.6,.393,1.7,3.6,.457,.522,1.1,1.2,.894,0.1,1.5,1.6,1.0,0.4,0.1,0.9,1.0,8.6
164,Aleem Ford\fordal03,SF,24,ORL,5,0,14.8,1.2,4.0,.300,0.4,3.0,.133,0.8,1.0,.800,.350,0.0,0.0,,0.4,2.6,3.0,0.4,0.2,0.0,0.8,1.4,2.8
165,Trent Forrest\forretr01,PG,23,UTA,30,2,9.1,0.6,1.2,.486,0.0,0.1,.250,0.6,1.1,.515,.500,0.4,0.5,.786,0.3,1.1,1.4,1.1,0.2,0.0,0.8,0.5,1.6
166,Evan Fournier\fournev01,SG,29,NYK,39,39,28.8,4.9,11.9,.414,2.7,7.0,.386,2.2,4.9,.453,.527,1.1,1.5,.741,0.5,2.4,2.8,1.8,0.9,0.2,1.3,1.9,13.6
167,De'Aaron Fox\foxde01,PG,24,SAC,39,39,34.2,7.7,17.1,.450,0.9,3.7,.247,6.8,13.4,.507,.477,4.4,5.8,.750,0.5,3.2,3.7,5.1,1.3,0.4,2.8,2.9,20.7
168,Tim Frazier\fraziti01,PG,31,ORL,10,3,20.0,1.3,4.3,.302,0.6,1.7,.353,0.7,2.6,.269,.372,0.5,0.9,.556,0.5,1.4,1.9,3.3,0.3,0.1,1.3,2.4,3.7
169,Enes Freedom\kanteen01,C,29,BOS,24,1,12.8,1.9,3.5,.542,0.0,0.2,.250,1.8,3.3,.557,.548,0.7,0.8,.800,2.2,3.2,5.4,0.2,0.2,0.5,0.6,1.3,4.5
170,Wenyen Gabriel\gabriwe01,PF,24,TOT,6,0,7.2,0.7,2.0,.333,0.2,0.7,.250,0.5,1.3,.375,.375,0.3,0.7,.500,0.7,1.3,2.0,0.3,0.2,0.3,0.2,1.5,1.8
170,Wenyen Gabriel\gabriwe01,PF,24,BRK,1,0,1.0,0.0,0.0,,0.0,0.0,,0.0,0.0,,,0.0,0.0,,0.0,1.0,1.0,0.0,0.0,0.0,0.0,0.0,0.0
170,Wenyen Gabriel\gabriwe01,PF,24,LAC,5,0,8.4,0.8,2.4,.333,0.2,0.8,.250,0.6,1.6,.375,.375,0.4,0.8,.500,0.8,1.4,2.2,0.4,0.2,0.4,0.2,1.8,2.2
171,Daniel Gafford\gaffoda01,C,23,WAS,38,38,22.9,4.2,6.0,.693,0.0,0.0,,4.2,6.0,.693,.693,1.4,1.9,.732,2.4,4.4,6.8,1.1,0.4,1.8,1.0,2.5,9.7
172,Danilo Gallinari\gallida01,PF,33,ATL,30,1,22.2,3.1,7.6,.410,1.5,3.9,.397,1.6,3.7,.423,.511,2.0,2.2,.938,0.6,3.6,4.2,1.4,0.5,0.2,0.5,1.4,9.8
173,Langston Galloway\gallola01,SG,30,TOT,7,0,15.3,0.9,3.7,.231,0.3,2.3,.125,0.6,1.4,.400,.269,0.0,0.0,,0.4,2.1,2.6,1.7,0.1,0.0,0.9,1.0,2.0
173,Langston Galloway\gallola01,SG,30,BRK,4,0,14.5,1.3,3.3,.385,0.5,2.0,.250,0.8,1.3,.600,.462,0.0,0.0,,0.3,1.8,2.0,1.3,0.0,0.0,1.3,1.3,3.0
173,Langston Galloway\gallola01,SG,30,MIL,3,0,16.3,0.3,4.3,.077,0.0,2.7,.000,0.3,1.7,.200,.077,0.0,0.0,,0.7,2.7,3.3,2.3,0.3,0.0,0.3,0.7,0.7
174,Darius Garland\garlada01,PG,22,CLE,35,35,34.3,7.3,15.5,.469,2.6,6.9,.380,4.7,8.6,.540,.553,2.2,2.4,.905,0.5,2.5,3.0,7.3,1.3,0.1,3.7,1.7,19.4
175,Marcus Garrett\garrema01,SG,23,MIA,12,0,10.7,0.4,1.8,.238,0.1,0.3,.250,0.3,1.4,.235,.262,0.2,0.4,.400,0.8,1.2,1.9,0.6,0.4,0.3,0.2,1.3,1.1
176,Usman Garuba\garubus01,PF,19,HOU,15,0,7.0,0.5,1.6,.333,0.1,0.9,.154,0.4,0.7,.545,.375,0.1,0.1,.500,0.6,1.7,2.3,0.5,0.5,0.4,0.2,0.6,1.3
177,Luka Garza\garzalu01,C,23,DET,26,5,12.3,1.9,4.4,.430,0.5,1.5,.308,1.4,2.9,.493,.482,1.0,1.6,.643,1.8,1.3,3.1,0.6,0.3,0.2,0.6,1.7,5.3
178,Rudy Gay\gayru01,PF,35,UTA,25,0,19.9,3.2,7.4,.429,1.6,4.2,.377,1.6,3.1,.500,.538,1.3,1.6,.805,1.0,3.7,4.6,1.1,0.5,0.3,0.8,1.9,9.2
179,Paul George\georgpa01,SF,31,LAC,26,26,35.5,9.0,21.4,.421,2.7,8.3,.323,6.3,13.0,.484,.484,4.0,4.5,.880,0.4,6.7,7.1,5.5,2.0,0.4,4.2,2.5,24.7
180,Taj Gibson\gibsota01,C,36,NYK,25,3,19.0,1.4,2.9,.493,0.2,0.6,.286,1.3,2.4,.542,.521,0.6,0.8,.762,1.6,2.9,4.6,0.8,0.5,0.9,0.7,2.5,3.7
181,Josh Giddey\giddejo01,SG,19,OKC,35,35,30.6,4.7,11.6,.401,1.1,3.8,.280,3.6,7.8,.460,.447,0.9,1.3,.681,1.5,5.9,7.4,6.4,1.1,0.5,2.9,1.7,11.3
182,Shai Gilgeous-Alexander\gilgesh01,PG,23,OKC,35,35,34.9,7.6,18.3,.415,1.7,5.9,.279,5.9,12.3,.480,.460,5.4,6.5,.825,0.6,4.0,4.6,5.2,0.9,0.7,2.4,2.3,22.2
183,Anthony Gill\gillan01,PF,29,WAS,16,0,6.8,1.1,1.7,.667,0.3,0.4,.714,0.8,1.3,.650,.759,0.6,0.8,.833,0.5,1.1,1.6,0.5,0.1,0.1,0.3,1.1,3.2
184,Freddie Gillespie\gillefr01,PF,24,ORL,9,2,13.2,1.0,2.4,.409,0.0,0.1,.000,1.0,2.3,.429,.409,0.3,0.8,.429,1.4,2.6,4.0,0.6,0.3,1.0,0.6,2.0,2.3
185,Rudy Gobert\goberru01,C,29,UTA,37,37,32.1,5.5,7.7,.706,0.0,0.0,.000,5.5,7.7,.709,.706,4.6,6.7,.683,3.5,11.5,15.1,1.1,0.8,2.3,1.8,2.7,15.5
186,Brandon Goodwin\goodwbr01,PG,26,CLE,3,0,22.7,3.3,8.7,.385,0.0,2.3,.000,3.3,6.3,.526,.385,0.7,2.7,.250,0.7,3.0,3.7,4.7,0.7,0.0,1.7,2.3,7.3
187,Jordan Goodwin\goodwjo01,SG,23,WAS,2,0,3.0,0.0,1.5,.000,0.0,0.5,.000,0.0,1.0,.000,.000,0.0,0.0,,0.0,0.5,0.5,0.0,0.0,0.0,0.0,0.5,0.0
188,Aaron Gordon\gordoaa01,PF,26,DEN,36,36,31.9,5.5,10.5,.528,0.9,3.0,.312,4.6,7.4,.616,.573,2.3,3.1,.730,1.7,3.9,5.6,2.1,0.6,0.6,1.7,1.9,14.3
189,Eric Gordon\gordoer01,SG,33,HOU,35,24,29.1,5.1,10.3,.489,2.3,5.2,.436,2.8,5.2,.541,.598,2.0,2.7,.737,0.2,1.5,1.7,3.4,0.6,0.5,2.3,1.0,14.4
190,Devonte' Graham\grahade01,PG,26,NOP,38,38,31.3,4.6,12.4,.372,3.0,8.4,.355,1.6,3.9,.407,.493,1.7,2.1,.815,0.4,2.1,2.5,4.5,1.0,0.2,1.6,1.5,13.9
191,Jerami Grant\grantje01,PF,27,DET,24,24,33.2,6.6,15.9,.414,1.8,5.3,.331,4.8,10.6,.455,.469,5.2,6.1,.849,1.0,3.9,4.8,2.6,1.1,1.1,2.1,2.3,20.1
192,Hassani Gravett\graveha01,PG,25,ORL,8,3,21.4,2.3,4.8,.474,1.4,3.3,.423,0.9,1.5,.583,.618,0.4,0.5,.750,0.1,2.5,2.6,2.5,0.6,0.1,1.1,1.6,6.3
193,Danny Green\greenda02,SF,34,PHI,28,21,24.3,2.3,5.6,.408,1.8,4.8,.378,0.5,0.8,.591,.570,0.3,0.3,1.000,0.6,2.0,2.6,1.1,1.4,0.9,0.9,1.8,6.7
194,Draymond Green\greendr01,PF,31,GSW,34,34,29.9,3.2,5.9,.537,0.4,1.2,.286,2.8,4.7,.604,.567,1.2,2.0,.597,1.1,6.4,7.6,7.4,1.4,1.2,3.1,2.8,7.9
195,Jalen Green\greenja05,SG,19,HOU,27,27,30.2,5.1,12.6,.402,2.1,6.4,.322,3.0,6.2,.485,.484,3.0,3.7,.818,0.3,2.7,3.0,2.1,0.6,0.2,2.6,1.4,15.2
196,JaMychal Green\greenja01,PF,31,DEN,35,7,14.9,2.1,4.8,.437,0.5,2.2,.250,1.5,2.6,.593,.494,1.0,1.2,.857,0.9,2.8,3.7,0.8,0.7,0.5,0.9,2.2,5.7
197,Javonte Green\greenja02,SF,28,CHI,29,18,22.2,2.1,4.3,.496,0.4,1.1,.364,1.7,3.2,.543,.544,1.1,1.4,.800,1.5,2.7,4.2,1.0,0.8,0.4,0.6,2.1,5.8
198,Jeff Green\greenje02,C,35,DEN,36,24,24.7,3.6,7.3,.496,0.8,2.4,.318,2.9,4.9,.585,.549,2.1,2.6,.796,0.5,2.5,3.1,1.1,0.3,0.5,1.1,2.3,10.1
199,Josh Green\greenjo02,SG,21,DAL,25,0,11.7,1.7,3.0,.573,0.2,0.6,.333,1.5,2.4,.633,.607,0.5,0.7,.765,0.6,1.4,2.0,1.1,0.5,0.2,0.4,1.4,4.2
200,Blake Griffin\griffbl01,PF,32,BRK,30,20,19.0,2.1,5.9,.360,0.6,2.8,.214,1.5,3.1,.489,.410,1.0,1.4,.721,1.1,3.3,4.5,2.0,0.5,0.4,0.5,2.1,5.9
201,Quentin Grimes\grimequ01,SG,21,NYK,23,2,13.5,1.6,4.2,.381,1.3,3.5,.375,0.3,0.7,.412,.536,0.2,0.3,.625,0.2,1.2,1.4,0.9,0.5,0.2,0.6,1.1,4.7
202,Kyle Guy\guyky01,SG,24,MIA,5,0,20.2,3.6,7.0,.514,1.8,4.0,.450,1.8,3.0,.600,.643,0.8,1.0,.800,0.2,1.4,1.6,2.6,0.8,0.2,1.0,1.8,9.8
203,Rui Hachimura\hachiru01,PF,23,WAS,2,0,14.5,2.5,6.5,.385,0.0,1.5,.000,2.5,5.0,.500,.385,1.5,3.0,.500,0.5,2.0,2.5,1.0,0.0,0.0,0.5,1.0,6.5
204,Tyrese Haliburton\halibty01,SG,21,SAC,41,41,34.0,5.2,11.1,.468,2.1,4.7,.438,3.1,6.4,.490,.561,1.3,1.7,.809,0.8,3.1,3.9,6.9,1.7,0.7,2.2,1.4,13.9
205,Tyler Hall\hallty01,SG,24,NYK,1,0,2.0,0.0,0.0,,0.0,0.0,,0.0,0.0,,,0.0,0.0,,0.0,0.0,0.0,0.0,0.0,0.0,0.0,0.0,0.0
206,R.J. Hampton\hamptrj01,SG,20,ORL,37,1,19.6,2.6,6.7,.390,1.0,2.6,.378,1.6,4.1,.397,.464,1.2,2.0,.603,0.4,2.5,2.9,2.5,0.6,0.2,1.4,1.5,7.4
207,Tim Hardaway Jr.\hardati02,SG,29,DAL,34,20,30.6,5.1,13.1,.393,2.5,7.4,.333,2.7,5.7,.472,.488,1.8,2.4,.741,0.4,3.6,4.0,2.4,1.0,0.2,0.7,1.7,14.5
208,James Harden\hardeja01,PG,32,BRK,34,34,36.9,6.5,15.6,.417,2.4,7.1,.331,4.2,8.5,.490,.492,7.0,8.1,.869,0.9,7.1,8.1,9.7,1.3,0.7,4.8,2.5,22.4
209,Maurice Harkless\harklma01,SF,28,SAC,28,14,18.8,1.6,3.6,.440,0.6,2.1,.276,1.0,1.5,.667,.520,0.3,0.5,.692,0.2,2.1,2.3,0.5,0.4,0.5,0.6,1.6,4.0
210,Jared Harper\harpeja01,PG,24,NOP,2,0,5.0,1.5,3.5,.429,0.5,1.0,.500,1.0,2.5,.400,.500,0.0,0.0,,0.5,0.0,0.5,1.5,0.0,0.5,0.5,1.0,3.5
211,Montrezl Harrell\harremo01,C,28,WAS,34,3,25.4,5.4,8.4,.645,0.1,0.3,.300,5.4,8.1,.657,.650,3.4,4.7,.736,2.2,5.1,7.3,2.2,0.5,0.6,1.1,1.9,14.4
212,Gary Harris\harriga01,SG,27,ORL,34,24,29.3,4.3,9.5,.450,1.7,4.6,.372,2.6,4.9,.524,.540,1.4,1.7,.842,0.8,1.6,2.4,1.9,0.9,0.2,1.3,2.1,11.6
213,Joe Harris\harrijo01,SF,30,BRK,14,14,30.2,4.0,8.9,.452,2.9,6.3,.466,1.1,2.6,.417,.617,0.4,0.4,.833,0.4,3.6,4.0,1.0,0.5,0.1,1.1,2.2,11.3
214,Tobias Harris\harrito02,PF,29,PHI,30,30,34.7,7.0,15.3,.455,1.1,3.7,.295,5.9,11.6,.507,.491,3.4,3.9,.856,1.1,6.4,7.5,3.9,0.5,0.6,1.7,2.0,18.4
215,Shaquille Harrison\harrish01,SG,28,BRK,2,0,11.5,1.0,3.0,.333,0.0,1.0,.000,1.0,2.0,.500,.333,0.0,0.0,,0.5,1.5,2.0,1.5,0.5,0.5,1.0,1.5,2.0
216,Josh Hart\hartjo01,PF,26,NOP,32,31,32.9,4.8,9.2,.519,1.0,3.0,.337,3.8,6.3,.605,.573,2.6,3.4,.755,1.3,6.1,7.4,4.4,0.9,0.3,2.0,3.0,13.2
217,Isaiah Hartenstein\harteis01,C,23,LAC,29,0,16.4,3.2,4.9,.662,0.1,0.1,.667,3.2,4.8,.662,.669,1.1,1.7,.653,1.8,2.9,4.7,1.9,0.8,1.3,1.0,2.6,7.7
218,Udonis Haslem\hasleud01,C,41,MIA,8,0,6.5,1.3,2.5,.500,0.1,0.3,.500,1.1,2.3,.500,.525,0.4,0.4,1.000,0.5,1.6,2.1,0.3,0.1,0.1,0.3,1.4,3.0
219,Sam Hauser\hausesa01,SF,24,BOS,7,0,4.4,0.4,1.6,.273,0.4,1.6,.273,0.0,0.0,,.409,0.0,0.0,,0.1,0.4,0.6,0.1,0.1,0.1,0.0,0.1,1.3
220,Jaxson Hayes\hayesja02,C,21,NOP,29,0,13.7,2.4,4.2,.561,0.1,0.5,.286,2.2,3.8,.596,.577,1.8,2.3,.773,1.3,2.2,3.5,0.3,0.3,0.6,0.7,1.9,6.7
221,Killian Hayes\hayeski01,PG,20,DET,30,30,26.0,2.3,6.7,.342,0.9,2.9,.299,1.4,3.8,.374,.406,0.8,1.0,.862,0.5,2.5,3.0,3.7,1.2,0.4,1.6,2.5,6.3
222,Gordon Hayward\haywago01,SF,31,CHO,40,40,33.2,6.1,13.2,.461,1.8,4.6,.378,4.3,8.6,.506,.528,3.1,3.6,.859,0.8,4.0,4.8,3.7,0.9,0.5,1.7,1.7,17.0
223,Aaron Henry\henryaa01,SF,22,PHI,6,0,2.8,0.2,0.8,.200,0.0,0.2,.000,0.2,0.7,.250,.200,0.0,0.0,,0.0,0.2,0.2,0.0,0.0,0.3,0.3,0.3,0.3
224,Juancho Hernangómez\hernaju01,PF,26,BOS,18,0,5.3,0.3,1.5,.185,0.2,1.0,.167,0.1,0.5,.222,.241,0.3,0.5,.667,0.5,0.9,1.4,0.2,0.2,0.1,0.3,0.4,1.1
225,Willy Hernangómez\hernawi01,C,27,NOP,23,3,14.9,3.0,5.4,.560,0.1,0.1,.667,3.0,5.3,.557,.568,1.6,2.2,.706,2.4,4.3,6.7,1.2,0.3,0.2,0.9,1.7,7.7
226,Tyler Herro\herroty01,SG,22,MIA,34,10,32.8,7.7,18.0,.427,2.7,7.0,.388,5.0,11.1,.452,.502,2.5,2.9,.869,0.7,4.3,4.9,3.9,0.6,0.1,2.9,1.4,20.6
227,Buddy Hield\hieldbu01,SG,29,SAC,43,6,29.2,5.1,13.2,.390,3.6,9.4,.380,1.6,3.7,.416,.527,1.6,1.8,.870,0.7,3.2,3.8,2.0,0.9,0.3,1.6,2.0,15.4
228,Haywood Highsmith\highsha01,SF,25,MIA,4,0,10.5,1.0,2.0,.500,1.0,1.8,.571,0.0,0.3,.000,.750,0.0,0.0,,0.5,0.8,1.3,0.0,0.0,0.3,0.0,0.8,3.0
229,George Hill\hillge01,SG,35,MIL,33,12,25.6,2.6,5.8,.445,0.8,2.8,.308,1.7,3.0,.570,.518,1.1,1.2,.947,0.8,2.3,3.2,2.4,0.8,0.2,0.9,1.5,7.1
230,Malcolm Hill\hillma01,SG,26,ATL,3,0,15.3,1.7,2.7,.625,1.0,1.7,.600,0.7,1.0,.667,.813,1.3,1.3,1.000,0.7,1.3,2.0,0.3,1.3,0.3,0.0,2.3,5.7
231,Solomon Hill\hillso01,PF,30,ATL,13,1,10.7,0.2,1.5,.150,0.2,1.0,.154,0.1,0.5,.143,.200,0.0,0.0,,0.5,1.3,1.8,0.9,0.3,0.2,0.1,1.2,0.6
232,Nate Hinton\hintona01,SG,22,IND,2,0,1.0,0.0,0.5,.000,0.0,0.0,,0.0,0.5,.000,.000,0.0,0.0,,0.0,0.0,0.0,0.0,0.0,0.0,0.5,0.0,0.0
233,Jaylen Hoard\hoardja01,SF,22,OKC,1,0,2.0,0.0,1.0,.000,0.0,0.0,,0.0,1.0,.000,.000,0.0,0.0,,1.0,1.0,2.0,0.0,0.0,0.0,0.0,0.0,0.0
234,Aaron Holiday\holidaa01,PG,25,WAS,33,10,16.7,2.5,5.4,.472,0.6,1.6,.365,2.0,3.8,.516,.525,0.6,0.7,.792,0.1,1.5,1.6,1.9,0.6,0.2,0.9,1.5,6.2
235,Jrue Holiday\holidjr01,PG,31,MIL,33,32,33.2,7.4,14.9,.499,1.8,4.8,.382,5.6,10.1,.554,.560,1.7,2.4,.709,0.9,3.7,4.6,6.7,1.6,0.6,2.8,1.8,18.4
236,Justin Holiday\holidju01,SF,32,IND,35,26,28.4,3.5,9.0,.390,2.4,6.8,.354,1.1,2.2,.500,.524,0.7,0.9,.839,0.3,2.6,2.9,1.6,0.6,0.3,1.0,2.1,10.2
237,Richaun Holmes\holmeri01,C,28,SAC,27,27,26.1,5.3,7.7,.692,0.1,0.1,.500,5.3,7.6,.696,.697,1.9,2.3,.806,2.5,6.2,8.7,1.3,0.3,1.0,1.4,3.1,12.6
238,Rodney Hood\hoodro01,SF,29,MIL,32,0,16.1,1.3,3.6,.357,0.7,2.3,.315,0.6,1.3,.429,.457,0.4,0.4,.929,0.3,1.6,1.9,0.8,0.3,0.1,0.2,0.8,3.7
239,Scotty Hopson\hopsosc01,SG,32,OKC,1,0,18.0,2.0,4.0,.500,0.0,1.0,.000,2.0,3.0,.667,.500,0.0,0.0,,0.0,1.0,1.0,1.0,0.0,0.0,2.0,1.0,4.0
240,Al Horford\horfoal01,C,35,BOS,32,32,29.5,4.0,9.2,.431,1.2,4.3,.285,2.8,4.9,.557,.497,1.7,2.0,.859,1.6,6.1,7.6,3.8,0.7,1.5,1.2,2.1,10.9
241,Talen Horton-Tucker\hortota01,SG,21,LAL,25,15,28.0,4.2,10.2,.408,0.8,3.3,.244,3.4,6.9,.486,.447,1.8,2.2,.821,0.8,3.2,4.0,2.8,1.0,0.4,1.6,2.8,11.0
242,Danuel House Jr.\houseda01,SF,28,TOT,20,1,14.5,1.5,4.4,.345,0.7,2.2,.318,0.8,2.2,.372,.425,1.0,1.1,.905,0.3,2.2,2.5,1.2,0.3,0.3,1.0,1.1,4.7
242,Danuel House Jr.\houseda01,SF,28,HOU,16,1,14.6,1.6,4.6,.338,0.6,2.1,.294,0.9,2.5,.375,.405,1.1,1.2,.895,0.3,2.4,2.7,1.2,0.3,0.3,1.1,1.0,4.8
242,Danuel House Jr.\houseda01,SF,28,NYK,1,0,3.0,0.0,1.0,.000,0.0,1.0,.000,0.0,0.0,,.000,0.0,0.0,,0.0,0.0,0.0,0.0,0.0,0.0,0.0,0.0,0.0
242,Danuel House Jr.\houseda01,SF,28,UTA,3,0,18.0,1.7,4.0,.417,1.3,3.0,.444,0.3,1.0,.333,.583,0.7,0.7,1.000,0.7,1.7,2.3,1.7,0.3,0.3,0.3,2.0,5.3
243,Dwight Howard\howardw01,C,36,LAL,31,6,14.7,1.8,3.0,.606,0.2,0.3,.750,1.6,2.8,.593,.638,1.2,1.9,.617,1.7,3.7,5.4,0.6,0.7,0.6,0.8,1.9,5.1
244,Markus Howard\howarma02,SG,22,DEN,16,0,7.3,1.4,3.9,.355,1.1,2.9,.391,0.3,1.0,.250,.500,0.4,0.5,.875,0.0,0.3,0.3,0.3,0.4,0.0,0.4,0.7,4.3
245,Kevin Huerter\huertke01,SG,23,ATL,32,20,28.3,4.5,9.7,.469,1.8,4.8,.370,2.8,4.8,.568,.561,0.6,0.7,.783,0.3,3.1,3.4,2.7,0.5,0.3,1.3,2.0,11.4
246,Jay Huff\huffja01,C,23,LAL,4,0,5.0,0.0,0.8,.000,0.0,0.5,.000,0.0,0.3,.000,.000,0.0,0.0,,0.3,0.8,1.0,0.3,0.3,0.3,0.3,0.3,0.0
247,Elijah Hughes\hugheel01,SF,23,UTA,10,1,6.2,1.0,1.9,.526,0.7,1.4,.500,0.3,0.5,.600,.711,0.3,0.3,1.000,0.0,0.9,0.9,0.4,0.2,0.0,0.4,0.4,3.0
248,De'Andre Hunter\huntede01,SF,24,ATL,11,11,27.8,4.5,10.1,.450,1.4,3.5,.395,3.2,6.6,.479,.518,0.4,0.9,.400,0.4,2.4,2.7,0.6,0.6,0.3,1.3,2.9,10.8
249,Chandler Hutchison\hutchch01,SF,25,PHO,6,0,3.7,0.2,0.3,.500,0.0,0.0,,0.2,0.3,.500,.500,0.3,0.3,1.000,0.0,0.8,0.8,0.3,0.0,0.0,0.7,0.2,0.7
250,Bones Hyland\hylanbo01,PG,21,DEN,29,0,16.6,2.7,7.7,.351,1.4,4.7,.309,1.2,3.0,.419,.446,1.0,1.1,.875,0.2,2.0,2.2,1.6,0.5,0.2,0.9,2.0,7.8
251,Serge Ibaka\ibakase01,C,32,LAC,23,7,16.0,2.5,5.3,.471,0.7,1.8,.381,1.8,3.4,.519,.537,0.6,0.9,.667,1.0,3.0,4.0,1.2,0.2,0.6,1.2,1.8,6.3
252,Andre Iguodala\iguodan01,SF,38,GSW,21,0,20.8,1.7,4.2,.404,0.6,2.5,.226,1.1,1.7,.667,.472,0.4,0.6,.750,0.7,2.9,3.6,4.2,0.8,0.7,0.8,1.0,4.4
253,Joe Ingles\inglejo01,SF,34,UTA,36,8,25.2,2.7,6.3,.427,1.9,4.9,.376,0.8,1.4,.612,.575,0.4,0.5,.778,0.3,2.6,2.9,3.6,0.6,0.1,1.2,1.9,7.6
254,Brandon Ingram\ingrabr01,SF,24,NOP,32,32,34.7,8.3,18.6,.447,1.7,4.8,.353,6.6,13.8,.480,.492,4.6,5.5,.825,0.8,5.3,6.1,5.1,0.6,0.3,2.8,2.0,22.9
255,Kyrie Irving\irvinky01,PG,29,BRK,2,2,36.0,9.0,19.0,.474,1.5,5.0,.300,7.5,14.0,.536,.513,2.5,2.5,1.000,0.5,5.0,5.5,4.0,2.0,1.0,3.0,2.5,22.0
256,Wes Iwundu\iwundwe01,SF,27,ATL,3,1,27.3,2.7,6.0,.444,1.0,1.7,.600,1.7,4.3,.385,.528,1.0,1.3,.750,1.0,3.3,4.3,0.0,0.3,0.0,0.3,2.7,7.3
257,Frank Jackson\jacksfr01,PG,23,DET,33,5,22.7,3.7,9.2,.403,1.9,5.6,.333,1.8,3.6,.513,.505,1.3,1.6,.830,0.3,1.2,1.5,0.9,0.5,0.2,0.8,1.6,10.7
258,Isaiah Jackson\jacksis01,PF,20,IND,9,0,5.4,0.8,1.9,.412,0.0,0.0,,0.8,1.9,.412,.412,0.3,0.7,.500,0.7,1.0,1.7,0.0,0.2,0.2,0.1,1.0,1.9
259,Jaren Jackson Jr.\jacksja02,PF,22,MEM,42,42,27.4,5.5,13.5,.409,1.8,5.7,.313,3.7,7.7,.480,.475,3.5,4.2,.840,1.3,4.3,5.6,1.1,1.0,2.0,1.7,3.4,16.3
260,Josh Jackson\jacksjo02,SF,24,DET,31,3,18.7,3.0,7.1,.420,0.9,3.1,.278,2.1,3.9,.533,.482,1.0,1.4,.705,0.5,2.7,3.3,1.4,0.5,0.4,1.1,1.8,7.8
261,Justin Jackson\jacksju01,SF,26,TOT,4,0,6.3,1.3,2.0,.625,0.8,1.3,.600,0.5,0.8,.667,.813,0.5,0.5,1.000,0.3,1.3,1.5,0.0,0.0,0.0,0.3,0.5,3.8
261,Justin Jackson\jacksju01,SF,26,BOS,1,0,2.0,0.0,1.0,.000,0.0,0.0,,0.0,1.0,.000,.000,2.0,2.0,1.000,0.0,0.0,0.0,0.0,0.0,0.0,0.0,0.0,2.0
261,Justin Jackson\jacksju01,SF,26,PHO,3,0,7.7,1.7,2.3,.714,1.0,1.7,.600,0.7,0.7,1.000,.929,0.0,0.0,,0.3,1.7,2.0,0.0,0.0,0.0,0.3,0.7,4.3
262,Reggie Jackson\jacksre01,SG,31,LAC,38,38,31.8,6.3,16.2,.386,2.6,7.7,.332,3.7,8.6,.434,.464,1.6,1.9,.845,0.5,2.9,3.4,3.9,0.8,0.1,2.2,2.0,16.7
263,LeBron James\jamesle01,SF,37,LAL,29,29,36.8,10.8,20.4,.528,2.9,7.8,.372,7.9,12.7,.624,.599,4.4,5.6,.785,1.1,6.3,7.4,6.6,1.7,1.1,3.3,2.3,28.9
264,DeJon Jarreau\jarrede01,SG,24,IND,1,0,1.0,0.0,0.0,,0.0,0.0,,0.0,0.0,,,0.0,0.0,,0.0,0.0,0.0,0.0,0.0,0.0,0.0,0.0,0.0
265,DaQuan Jeffries\jeffrda01,SG,24,MEM,3,0,3.0,0.3,0.7,.500,0.0,0.3,.000,0.3,0.3,1.000,.500,0.0,0.0,,0.0,0.7,0.7,0.3,0.0,0.0,0.0,0.3,0.7
266,Ty Jerome\jeromty01,SG,24,OKC,31,3,14.8,2.6,6.5,.403,0.9,3.3,.282,1.7,3.2,.531,.475,0.9,1.2,.806,0.5,1.1,1.5,1.6,0.6,0.1,0.7,1.3,7.1
267,Isaiah Joe\joeis01,SG,22,PHI,24,0,12.3,1.3,3.8,.348,1.0,2.8,.338,0.4,1.0,.375,.473,0.6,0.6,.933,0.1,1.3,1.4,0.8,0.2,0.1,0.3,0.8,4.2
268,Alize Johnson\johnsal02,PF,25,TOT,19,0,7.3,0.7,1.5,.483,0.0,0.2,.000,0.7,1.3,.560,.483,0.2,0.4,.500,1.1,1.4,2.5,0.4,0.2,0.0,0.6,0.8,1.7
268,Alize Johnson\johnsal02,PF,25,CHI,16,0,7.6,0.8,1.4,.522,0.0,0.1,.000,0.8,1.3,.571,.522,0.3,0.4,.571,1.0,1.3,2.3,0.5,0.2,0.0,0.5,0.9,1.8
268,Alize Johnson\johnsal02,PF,25,WAS,3,0,6.0,0.7,2.0,.333,0.0,0.7,.000,0.7,1.3,.500,.333,0.0,0.3,.000,1.7,2.3,4.0,0.0,0.0,0.0,1.0,0.0,1.3
269,B.J. Johnson\johnsbj01,SF,26,ORL,4,0,16.3,2.8,6.3,.440,1.0,2.5,.400,1.8,3.8,.467,.520,0.0,0.0,,1.5,2.3,3.8,0.0,0.0,0.3,0.0,1.0,6.5
270,Cameron Johnson\johnsca02,PF,25,PHO,39,6,25.6,4.1,8.9,.458,2.5,5.8,.438,1.6,3.2,.496,.600,1.2,1.5,.825,0.6,3.6,4.3,1.3,0.8,0.3,0.7,1.6,11.9
271,David Johnson\johnsda08,SG,20,TOR,2,0,1.0,0.0,0.5,.000,0.0,0.5,.000,0.0,0.0,,.000,0.0,0.0,,0.0,0.0,0.0,0.0,0.0,0.0,0.0,0.0,0.0
272,Jalen Johnson\johnsja05,PF,20,ATL,11,0,4.7,0.7,1.5,.471,0.2,0.5,.333,0.5,1.0,.545,.529,0.4,0.5,.667,0.0,1.2,1.2,0.1,0.0,0.0,0.2,0.3,2.0
273,James Johnson\johnsja01,PF,34,BRK,27,2,18.0,2.1,4.3,.483,0.3,1.0,.259,1.8,3.3,.551,.513,0.2,0.6,.353,0.9,2.7,3.6,1.7,0.4,0.4,0.6,2.0,4.6
274,Joe Johnson\johnsjo02,SG,40,BOS,1,0,2.0,1.0,1.0,1.000,0.0,0.0,,1.0,1.0,1.000,1.000,0.0,0.0,,0.0,0.0,0.0,0.0,0.0,0.0,0.0,0.0,2.0
275,Keldon Johnson\johnske04,SF,22,SAS,36,36,30.9,5.6,12.3,.452,1.6,3.5,.441,4.0,8.8,.457,.516,2.0,2.9,.686,1.1,5.4,6.5,1.7,0.8,0.1,1.4,1.9,14.7
276,Keon Johnson\johnske07,SG,19,LAC,15,0,9.0,1.1,3.4,.333,0.2,0.7,.273,0.9,2.7,.350,.363,1.1,1.4,.762,0.4,1.0,1.4,0.9,0.5,0.1,0.5,1.4,3.5
277,Stanley Johnson\johnsst04,PF,25,LAL,7,5,22.6,1.9,4.3,.433,0.6,2.6,.222,1.3,1.7,.750,.500,1.3,1.4,.900,0.4,2.3,2.7,1.3,1.1,0.4,0.4,4.0,5.6
278,Tyler Johnson\johnsty01,PG,29,TOT,6,0,15.2,1.0,3.3,.300,0.8,2.2,.385,0.2,1.2,.143,.425,0.0,0.0,,0.5,1.5,2.0,1.2,0.5,0.5,0.3,1.2,2.8
278,Tyler Johnson\johnsty01,PG,29,PHI,3,0,12.7,1.3,3.3,.400,1.0,2.3,.429,0.3,1.0,.333,.550,0.0,0.0,,0.3,1.7,2.0,0.7,0.3,0.3,0.3,1.3,3.7
278,Tyler Johnson\johnsty01,PG,29,SAS,3,0,17.7,0.7,3.3,.200,0.7,2.0,.333,0.0,1.3,.000,.300,0.0,0.0,,0.7,1.3,2.0,1.7,0.7,0.7,0.3,1.0,2.0
279,Nikola Jokić\jokicni01,C,26,DEN,34,34,32.8,10.1,17.9,.563,1.5,4.2,.354,8.6,13.6,.627,.604,4.1,5.3,.772,2.8,11.4,14.1,7.0,1.4,0.8,3.6,2.4,25.7
280,Carlik Jones\jonesca03,PG,24,TOT,5,0,4.6,0.2,1.8,.111,0.0,0.2,.000,0.2,1.6,.125,.111,0.4,0.4,1.000,0.2,0.4,0.6,1.0,0.2,0.0,0.6,0.0,0.8
280,Carlik Jones\jonesca03,PG,24,DAL,3,0,6.3,0.0,2.3,.000,0.0,0.3,.000,0.0,2.0,.000,.000,0.7,0.7,1.000,0.3,0.7,1.0,1.7,0.3,0.0,1.0,0.0,0.7
280,Carlik Jones\jonesca03,PG,24,DEN,2,0,2.0,0.5,1.0,.500,0.0,0.0,,0.5,1.0,.500,.500,0.0,0.0,,0.0,0.0,0.0,0.0,0.0,0.0,0.0,0.0,1.0
281,Damian Jones\jonesda03,C,26,SAC,25,4,14.2,2.2,3.6,.618,0.1,0.4,.273,2.1,3.1,.667,.635,1.3,1.8,.717,1.5,2.7,4.2,0.8,0.1,0.4,1.0,2.0,5.8
282,Derrick Jones Jr.\jonesde02,PF,24,CHI,30,7,17.8,2.4,4.1,.582,0.5,1.2,.405,1.9,2.8,.659,.643,1.3,1.5,.848,1.2,2.2,3.5,0.5,0.5,0.8,0.5,2.4,6.5
283,Herbert Jones\joneshe01,C,23,NOP,38,29,28.7,3.3,7.0,.479,0.6,1.6,.373,2.8,5.4,.510,.521,1.4,1.7,.818,1.2,2.4,3.7,1.8,1.4,1.0,1.1,3.0,8.7
284,Jemerrio Jones\jonesje01,SF,26,LAL,2,0,7.5,1.0,1.5,.667,0.0,0.0,,1.0,1.5,.667,.667,0.0,0.0,,1.0,0.5,1.5,0.0,0.5,0.0,0.0,1.0,2.0
285,Kai Jones\joneska01,C,21,CHO,12,0,2.8,0.3,0.5,.667,0.0,0.1,.000,0.3,0.4,.800,.667,0.1,0.3,.250,0.1,0.4,0.5,0.2,0.0,0.0,0.4,0.2,0.8
286,Mason Jones\jonesma05,SG,23,LAL,2,0,4.5,1.0,4.0,.250,0.0,1.0,.000,1.0,3.0,.333,.250,0.5,1.0,.500,0.5,0.5,1.0,0.0,0.5,0.0,0.5,0.5,2.5
287,Tre Jones\jonestr01,PG,22,SAS,35,2,12.6,1.8,3.7,.485,0.1,0.4,.154,1.7,3.3,.521,.492,0.6,0.6,1.000,0.4,1.6,2.0,2.3,0.4,0.0,0.6,0.9,4.3
288,Tyus Jones\jonesty01,PG,25,MEM,42,13,21.4,3.3,6.9,.478,1.0,2.5,.402,2.3,4.3,.522,.552,0.8,0.9,.917,0.3,2.5,2.8,4.2,0.9,0.0,0.8,0.5,8.4
289,DeAndre Jordan\jordade01,C,33,LAL,28,18,13.0,2.0,3.0,.675,0.0,0.0,,2.0,3.0,.675,.675,0.4,0.6,.588,1.6,4.0,5.6,0.4,0.4,0.9,0.7,1.7,4.4
290,Cory Joseph\josepco01,PG,30,DET,29,6,22.2,2.6,5.6,.457,0.9,2.1,.417,1.7,3.5,.480,.534,1.5,1.8,.846,0.3,1.8,2.1,3.7,0.8,0.2,1.4,1.7,7.5
291,Georgios Kalaitzakis\kalaige01,SF,23,MIL,9,0,5.3,0.6,1.2,.455,0.2,0.4,.500,0.3,0.8,.429,.545,0.4,1.0,.444,0.4,0.4,0.9,0.0,0.1,0.1,0.4,0.9,1.8
292,Frank Kaminsky\kaminfr01,C,28,PHO,9,0,20.1,4.0,7.3,.545,0.6,1.7,.333,3.4,5.7,.608,.583,2.0,2.2,.900,1.2,3.3,4.6,1.4,0.9,0.8,0.6,1.6,10.6
293,Luke Kennard\kennalu01,SG,25,LAC,35,10,29.0,4.1,9.4,.432,2.8,6.3,.441,1.3,3.1,.413,.579,0.8,0.9,.879,0.2,3.2,3.4,2.1,0.7,0.1,0.8,1.6,11.7
294,Braxton Key\keybr01,SF,24,PHI,2,0,3.0,0.5,1.0,.500,0.0,0.5,.000,0.5,0.5,1.000,.500,0.0,0.0,,0.5,0.5,1.0,0.5,0.5,0.0,1.0,0.5,1.0
295,George King\kingge03,SF,28,DAL,4,0,4.8,0.0,1.3,.000,0.0,1.0,.000,0.0,0.3,.000,.000,0.3,0.5,.500,0.0,1.3,1.3,0.0,0.0,0.0,0.3,1.0,0.3
296,Louis King\kinglo02,SF,22,SAC,5,0,11.0,1.8,5.2,.346,1.0,3.2,.313,0.8,2.0,.400,.442,1.2,1.4,.857,0.0,1.6,1.6,0.2,0.4,0.0,0.0,1.6,5.8
297,Corey Kispert\kispeco01,SF,22,WAS,36,5,17.3,2.0,4.8,.421,0.8,2.7,.292,1.2,2.1,.587,.503,0.8,0.9,.848,0.5,1.5,2.0,0.8,0.3,0.3,0.5,0.8,5.6
298,Maxi Kleber\klebima01,PF,30,DAL,25,8,24.7,2.6,6.2,.422,1.7,4.6,.374,0.9,1.6,.564,.562,0.8,1.0,.731,1.2,4.9,6.1,1.1,0.4,0.9,0.7,2.2,7.7
299,Brandon Knight\knighbr03,PG,30,DAL,3,0,18.0,3.0,6.7,.450,1.3,4.3,.308,1.7,2.3,.714,.550,2.7,2.7,1.000,0.0,2.3,2.3,2.7,0.3,0.0,1.3,1.7,10.0
300,Nathan Knight\knighna01,PF,24,MIN,21,2,8.5,1.1,2.1,.533,0.1,0.3,.286,1.0,1.8,.579,.556,1.3,1.9,.700,1.0,1.5,2.5,0.7,0.1,0.3,0.6,1.2,3.7
301,Kevin Knox\knoxke01,SF,22,NYK,12,0,9.2,1.3,3.3,.385,0.8,2.3,.370,0.4,1.0,.417,.513,0.6,0.8,.700,0.6,1.2,1.8,0.3,0.2,0.1,0.4,0.4,3.9
302,John Konchar\konchjo01,SG,25,MEM,35,2,16.5,1.7,3.2,.545,0.7,1.5,.490,1.0,1.7,.590,.656,0.4,0.7,.565,1.1,2.8,3.9,1.3,0.8,0.2,0.4,1.2,4.6
303,Furkan Korkmaz\korkmfu01,SG,24,PHI,35,11,23.1,3.3,8.6,.387,1.5,4.9,.302,1.8,3.7,.500,.473,1.0,1.3,.818,0.3,2.9,3.2,2.3,0.6,0.1,0.9,0.9,9.1
304,Luke Kornet\kornelu01,C,26,TOT,3,0,6.0,0.3,2.0,.167,0.0,0.3,.000,0.3,1.7,.200,.167,0.7,1.0,.667,1.0,0.3,1.3,0.3,0.0,0.3,0.0,0.7,1.3
304,Luke Kornet\kornelu01,C,26,CLE,2,0,7.5,0.5,2.5,.200,0.0,0.5,.000,0.5,2.0,.250,.200,1.0,1.5,.667,1.0,0.5,1.5,0.5,0.0,0.5,0.0,0.5,2.0
304,Luke Kornet\kornelu01,C,26,MIL,1,0,3.0,0.0,1.0,.000,0.0,0.0,,0.0,1.0,.000,.000,0.0,0.0,,1.0,0.0,1.0,0.0,0.0,0.0,0.0,1.0,0.0
305,Vit Krejci\krejcvi01,SG,21,OKC,3,0,3.0,0.0,0.7,.000,0.0,0.7,.000,0.0,0.0,,.000,0.7,0.7,1.000,0.0,1.0,1.0,0.0,0.0,0.0,0.3,0.0,0.7
306,Arnoldas Kulboka\kulboar01,SF,24,CHO,1,0,3.0,0.0,0.0,,0.0,0.0,,0.0,0.0,,,0.0,0.0,,0.0,0.0,0.0,0.0,0.0,0.0,0.0,0.0,0.0
307,Jonathan Kuminga\kuminjo01,SF,19,GSW,28,2,9.7,1.8,3.9,.472,0.3,1.2,.265,1.5,2.6,.568,.514,1.0,1.6,.600,0.4,1.3,1.7,0.3,0.4,0.1,0.7,1.3,4.9
308,Kyle Kuzma\kuzmaky01,PF,26,WAS,39,39,33.3,5.9,13.1,.452,1.8,5.7,.323,4.1,7.3,.552,.523,2.0,2.9,.681,1.0,7.6,8.6,2.8,0.6,0.7,2.0,2.0,15.6
309,Anthony Lamb\lamban01,SF,24,SAS,2,0,4.0,0.0,1.0,.000,0.0,1.0,.000,0.0,0.0,,.000,0.0,0.0,,0.0,0.5,0.5,1.0,0.0,0.0,0.0,0.0,0.0
310,Jeremy Lamb\lambje01,SF,29,IND,28,0,14.6,2.2,6.0,.367,1.0,3.0,.333,1.2,3.0,.400,.450,1.6,1.7,.917,0.4,2.1,2.5,1.3,0.5,0.4,0.5,1.1,7.0
311,Jock Landale\landajo01,C,26,SAS,22,0,9.4,2.0,3.5,.579,0.6,1.3,.500,1.4,2.2,.625,.671,0.6,0.7,.875,1.1,0.8,2.0,0.9,0.1,0.4,0.6,0.9,5.3
312,Romeo Langford\langfro01,SG,22,BOS,31,5,18.9,1.9,4.6,.420,0.6,2.0,.323,1.3,2.6,.494,.490,0.5,0.7,.652,0.9,2.2,3.1,0.5,0.6,0.4,0.4,1.3,5.0
313,Zach LaVine\lavinza01,SF,26,CHI,36,36,34.9,9.3,19.0,.489,3.1,7.4,.410,6.3,11.6,.540,.569,4.1,4.7,.869,0.3,4.7,5.0,4.2,0.6,0.3,2.8,1.6,25.7
314,Jake Layman\laymaja01,SF,27,MIN,18,1,8.6,0.9,2.6,.370,0.2,1.3,.167,0.7,1.2,.591,.413,0.3,0.4,.750,0.2,1.1,1.3,0.3,0.3,0.2,0.4,0.4,2.4
315,Damion Lee\leeda03,SG,29,GSW,29,2,20.3,3.0,6.7,.441,1.2,3.3,.354,1.8,3.4,.525,.528,1.1,1.3,.865,0.3,2.7,3.0,1.0,0.5,0.1,0.6,1.5,8.2
316,Saben Lee\leesa01,PG,22,DET,21,0,15.9,2.1,5.2,.404,0.6,2.0,.279,1.5,3.1,.485,.459,1.3,1.8,.757,0.4,2.1,2.5,2.5,1.1,0.4,0.9,1.0,6.1
317,Alex Len\lenal01,C,28,SAC,27,9,17.8,2.8,5.3,.528,0.2,0.7,.316,2.6,4.6,.561,.549,1.1,1.7,.674,1.5,3.5,5.0,1.1,0.3,0.8,1.2,2.9,6.9
318,Caris LeVert\leverca01,SG,27,IND,28,28,30.4,6.8,15.8,.431,1.6,5.1,.310,5.2,10.7,.488,.481,2.6,3.3,.796,0.6,2.6,3.3,4.0,1.0,0.5,1.8,2.1,17.8
319,Kira Lewis Jr.\lewiski01,PG,20,NOP,24,0,14.2,2.5,6.1,.404,0.5,2.4,.224,1.9,3.7,.523,.449,0.4,0.5,.833,0.4,1.3,1.6,2.0,0.5,0.0,1.1,0.7,5.9
320,Scottie Lewis\lewissc01,SG,21,CHO,2,0,3.5,0.0,0.0,,0.0,0.0,,0.0,0.0,,,0.5,1.0,.500,0.0,0.0,0.0,0.5,0.5,0.0,0.0,0.0,0.5
321,Damian Lillard\lillada01,PG,31,POR,29,29,36.4,7.7,19.0,.402,3.2,9.8,.324,4.5,9.2,.485,.486,5.5,6.2,.878,0.4,3.7,4.1,7.3,0.6,0.4,2.9,1.3,24.0
322,Nassir Little\littlna01,SF,21,POR,35,16,25.3,3.2,7.2,.447,1.1,3.5,.317,2.1,3.7,.569,.524,1.5,2.1,.720,1.4,4.2,5.6,1.2,0.7,0.9,0.9,2.1,9.1
323,Isaiah Livers\liveris01,SF,23,DET,1,0,5.0,0.0,2.0,.000,0.0,2.0,.000,0.0,0.0,,.000,0.0,0.0,,0.0,0.0,0.0,0.0,1.0,1.0,1.0,1.0,0.0
324,Kevon Looney\looneke01,C,25,GSW,40,40,20.0,2.5,4.7,.537,0.0,0.0,.000,2.5,4.7,.540,.537,0.9,1.5,.617,2.4,4.2,6.7,1.6,0.6,0.8,0.8,2.7,6.0
325,Brook Lopez\lopezbr01,C,33,MIL,1,1,28.0,3.0,9.0,.333,2.0,4.0,.500,1.0,5.0,.200,.444,0.0,0.0,,2.0,3.0,5.0,0.0,1.0,3.0,0.0,3.0,8.0
326,Robin Lopez\lopezro01,C,33,ORL,17,5,17.8,3.6,6.2,.575,0.0,0.2,.000,3.6,6.1,.592,.575,0.8,1.3,.591,2.2,1.5,3.7,2.0,0.1,0.6,1.4,1.9,7.9
327,Didi Louzada\louzama01,SF,22,NOP,2,0,3.5,0.0,1.5,.000,0.0,1.5,.000,0.0,0.0,,.000,0.0,0.0,,1.0,0.0,1.0,0.5,0.0,0.0,0.0,0.0,0.0
328,Kevin Love\loveke01,PF,33,CLE,33,2,21.5,4.4,10.1,.431,2.6,6.3,.411,1.8,3.8,.465,.558,2.9,3.3,.881,1.2,6.3,7.4,2.1,0.3,0.2,1.2,1.0,14.2
329,Kyle Lowry\lowryky01,PG,35,MIA,36,36,34.3,4.6,10.9,.422,2.1,6.4,.325,2.5,4.5,.562,.518,2.4,2.9,.845,0.6,3.9,4.5,8.4,1.0,0.4,3.2,2.7,13.7
330,Timothé Luwawu-Cabarrot\luwawti01,SF,26,ATL,26,11,14.6,1.6,4.1,.387,1.0,2.8,.356,0.6,1.3,.455,.509,0.6,0.7,.833,0.3,1.3,1.7,0.8,0.4,0.1,0.4,1.5,4.7
331,Trey Lyles\lylestr01,PF,26,DET,37,3,18.7,3.1,7.1,.435,0.9,2.9,.294,2.2,4.1,.536,.496,2.0,2.5,.815,1.3,3.4,4.7,1.2,0.4,0.4,1.0,1.7,9.1
332,Théo Maledon\maledth01,PG,20,OKC,21,0,13.6,1.0,3.7,.282,0.4,2.1,.182,0.7,1.6,.412,.333,1.2,1.4,.867,0.4,1.4,1.8,1.0,0.5,0.1,0.9,1.0,3.7
333,Sandro Mamukelashvili\mamuksa01,PF,22,MIL,22,2,11.9,1.5,3.4,.427,0.6,1.6,.371,0.9,1.8,.475,.513,0.4,0.5,.750,1.2,1.2,2.4,0.5,0.3,0.3,0.4,0.8,3.9
334,Terance Mann\mannte01,SF,25,LAC,41,14,29.6,4.0,8.4,.484,1.1,2.9,.376,3.0,5.5,.540,.548,1.4,1.9,.740,1.5,3.8,5.3,2.4,0.5,0.1,1.1,2.2,10.6
335,Tre Mann\manntr01,PG,20,OKC,27,2,17.0,2.8,7.1,.396,1.0,2.9,.354,1.8,4.2,.425,.469,0.6,0.9,.667,0.4,1.8,2.2,0.7,0.5,0.2,0.7,1.5,7.3
336,Boban Marjanović\marjabo01,C,33,DAL,16,0,5.9,2.2,3.5,.625,0.1,0.2,.333,2.1,3.3,.642,.634,0.5,1.0,.500,0.4,1.4,1.9,0.1,0.0,0.1,0.7,1.2,4.9
337,Lauri Markkanen\markkla01,PF,24,CLE,32,32,30.4,4.8,11.7,.413,1.8,6.0,.309,3.0,5.8,.522,.492,1.8,2.0,.862,1.1,4.2,5.3,1.7,0.7,0.5,0.8,1.8,13.3
338,Naji Marshall\marshna01,SF,24,NOP,21,0,10.2,1.0,3.1,.308,0.1,1.3,.111,0.8,1.8,.447,.331,1.2,1.4,.862,0.7,2.0,2.6,1.0,0.4,0.1,1.0,1.0,3.2
339,Caleb Martin\martica02,SF,26,MIA,30,8,22.7,3.4,6.8,.505,1.0,2.7,.370,2.4,4.1,.593,.578,1.0,1.5,.667,1.1,2.5,3.6,1.0,0.9,0.6,0.7,1.5,8.9
340,Cody Martin\martico01,SF,26,CHO,36,5,26.8,3.1,6.5,.481,1.1,2.3,.476,2.0,4.2,.483,.564,1.2,1.6,.724,1.3,2.9,4.1,2.7,1.5,0.5,0.8,1.7,8.5
341,Kelan Martin\martike03,SF,26,IND,27,1,16.4,2.6,6.2,.417,0.8,2.7,.297,1.8,3.5,.511,.482,0.3,0.5,.692,0.6,1.4,2.0,0.8,0.5,0.3,0.5,1.3,6.3
342,Kenyon Martin Jr.\martike04,SF,21,HOU,39,0,18.9,3.3,6.2,.527,0.6,1.8,.329,2.7,4.4,.608,.575,1.1,1.7,.652,1.0,2.7,3.7,1.3,0.4,0.5,0.7,1.2,8.2
343,Garrison Mathews\mathega01,SG,25,HOU,25,16,28.6,3.5,8.3,.418,2.6,6.9,.370,0.9,1.4,.657,.572,2.2,2.8,.797,0.6,3.0,3.6,0.9,0.7,0.4,0.7,3.1,11.7
344,Dakota Mathias\mathida01,SG,26,MEM,4,0,2.0,0.5,1.0,.500,0.5,1.0,.500,0.0,0.0,,.750,0.0,0.0,,0.0,0.5,0.5,0.0,0.0,0.0,0.0,0.3,1.5
345,Wesley Matthews\matthwe02,SG,35,MIL,15,4,20.3,2.6,5.2,.500,1.6,3.7,.429,1.0,1.5,.682,.654,0.2,0.4,.500,0.5,1.5,2.1,0.8,0.4,0.3,0.5,1.5,7.0
346,Tyrese Maxey\maxeyty01,PG,21,PHI,32,31,34.5,6.4,13.5,.473,1.3,3.4,.380,5.1,10.1,.505,.521,2.8,3.2,.871,0.4,3.1,3.5,4.5,0.7,0.6,1.3,2.2,16.8
347,Skylar Mays\mayssk01,SG,24,ATL,16,5,11.4,1.9,3.6,.544,0.5,1.4,.348,1.4,2.1,.676,.614,0.4,0.4,1.000,0.3,1.1,1.4,0.8,0.4,0.0,0.4,0.4,4.8
348,Miles McBride\mcbrimi01,PG,21,NYK,16,2,8.9,0.9,3.3,.288,0.3,1.7,.185,0.6,1.6,.400,.337,0.2,0.3,.750,0.1,0.8,0.9,1.2,0.5,0.1,0.2,0.9,2.4
349,Mac McClung\mccluma01,PG,23,CHI,1,0,3.0,1.0,1.0,1.000,0.0,0.0,,1.0,1.0,1.000,1.000,0.0,0.0,,0.0,0.0,0.0,0.0,0.0,0.0,1.0,0.0,2.0
350,CJ McCollum\mccolcj01,SG,30,POR,24,24,35.3,8.0,18.8,.424,3.2,8.2,.393,4.8,10.6,.447,.509,1.5,2.1,.700,1.1,3.0,4.1,4.5,1.1,0.7,1.9,2.1,20.6
351,T.J. McConnell\mccontj01,PG,29,IND,24,6,24.2,3.8,7.5,.503,0.3,1.0,.280,3.5,6.5,.538,.522,0.5,0.6,.800,0.8,2.5,3.3,4.8,1.0,0.4,1.2,1.8,8.4
352,Jaden McDaniels\mcdanja02,PF,21,MIN,38,17,26.5,3.3,7.7,.423,1.0,3.4,.282,2.3,4.3,.537,.486,0.7,0.9,.818,1.4,3.2,4.6,1.1,0.8,0.6,1.1,3.4,8.2
353,Jalen McDaniels\mcdanja01,SF,24,CHO,34,2,17.9,2.5,5.0,.503,0.9,2.2,.387,1.7,2.8,.594,.588,0.9,1.3,.659,0.8,2.7,3.5,1.2,0.6,0.4,0.8,1.8,6.8
354,Doug McDermott\mcderdo01,PF,30,SAS,26,26,24.6,4.3,9.3,.465,2.1,5.2,.410,2.2,4.2,.532,.578,0.6,0.8,.727,0.4,2.2,2.6,1.3,0.2,0.1,0.7,1.4,11.4
355,JaVale McGee\mcgeeja01,C,34,PHO,36,10,16.0,4.3,6.5,.654,0.0,0.1,.250,4.2,6.4,.661,.656,1.5,2.2,.675,2.3,4.8,7.1,0.6,0.3,0.8,1.6,2.6,10.0
356,Cameron McGriff\mcgrica01,SF,24,POR,3,0,15.3,1.7,4.7,.357,0.7,2.0,.333,1.0,2.7,.375,.429,0.7,0.7,1.000,2.0,3.0,5.0,1.0,0.0,0.3,0.0,2.3,4.7
357,Rodney McGruder\mcgruro01,SG,30,DET,17,0,9.5,1.0,2.6,.386,0.3,1.2,.238,0.7,1.4,.522,.443,0.2,0.2,.750,0.5,1.1,1.6,0.6,0.2,0.1,0.5,0.7,2.5
358,Alfonzo McKinnie\mckinal01,SF,29,CHI,7,0,14.0,2.0,4.0,.500,1.1,2.3,.500,0.9,1.7,.500,.643,0.0,0.3,.000,0.7,0.9,1.6,0.4,0.3,0.3,0.4,1.3,5.1
359,JaQuori McLaughlin\mclauja01,PG,24,DAL,4,0,2.8,0.0,0.5,.000,0.0,0.3,.000,0.0,0.3,.000,.000,0.0,0.0,,0.0,0.0,0.0,0.5,0.0,0.0,0.0,0.3,0.0
360,Jordan McLaughlin\mclaujo01,PG,25,MIN,28,2,11.2,0.8,2.6,.284,0.1,1.0,.143,0.6,1.6,.370,.311,0.5,0.8,.682,0.2,0.9,1.1,2.4,0.6,0.0,0.7,0.5,2.2
361,Ben McLemore\mclembe01,SG,28,POR,23,2,15.8,2.8,6.5,.436,2.1,5.1,.419,0.7,1.4,.500,.601,0.6,0.7,.867,0.3,1.0,1.3,0.7,0.3,0.1,0.6,1.3,8.3
362,De'Anthony Melton\meltode01,SG,23,MEM,34,13,23.5,3.6,9.2,.391,1.5,4.8,.317,2.1,4.4,.473,.474,1.1,1.4,.750,1.0,3.4,4.4,2.9,1.6,0.6,1.6,1.9,9.8
363,Sam Merrill\merrisa01,SG,25,MEM,6,0,9.7,1.3,4.0,.333,1.2,3.8,.304,0.2,0.2,1.000,.479,0.3,0.7,.500,0.2,1.0,1.2,0.7,0.0,0.0,0.3,0.5,4.2
364,Chimezie Metu\metuch01,C,24,SAC,27,16,22.8,3.5,8.5,.409,1.0,3.8,.272,2.4,4.7,.520,.470,1.0,1.3,.778,0.7,5.6,6.3,1.0,0.9,0.7,0.9,1.4,9.0
365,Khris Middleton\middlkh01,SF,30,MIL,31,31,31.5,6.4,14.9,.432,2.3,6.2,.377,4.1,8.7,.470,.510,3.9,4.5,.884,0.7,4.8,5.5,5.3,1.1,0.2,3.2,2.3,19.1
366,C.J. Miles\milescj01,SG,34,BOS,1,0,2.0,0.0,0.0,,0.0,0.0,,0.0,0.0,,,0.0,0.0,,0.0,0.0,0.0,0.0,0.0,0.0,0.0,1.0,0.0
367,Patty Mills\millspa02,PG,33,BRK,39,23,31.0,4.6,10.8,.428,3.1,7.6,.412,1.5,3.2,.464,.572,0.7,0.7,.897,0.3,1.8,2.1,2.6,0.6,0.3,1.1,1.4,13.0
368,Paul Millsap\millspa01,PF,36,BRK,23,0,10.9,1.2,3.4,.354,0.3,1.1,.231,1.0,2.3,.415,.392,0.5,0.7,.706,1.1,2.3,3.4,1.0,0.2,0.3,0.4,2.0,3.2
369,Shake Milton\miltosh01,PG,25,PHI,27,6,24.7,4.0,9.4,.429,0.9,2.9,.316,3.1,6.5,.480,.478,1.5,1.8,.854,0.5,2.5,3.0,2.8,0.7,0.4,1.1,2.1,10.5
370,Davion Mitchell\mitchda01,PG,23,SAC,37,1,24.8,3.7,9.5,.389,1.1,3.7,.304,2.5,5.7,.443,.449,0.6,0.9,.647,0.5,1.7,2.2,3.2,0.6,0.2,1.0,1.8,9.1
371,Donovan Mitchell\mitchdo01,SG,25,UTA,37,37,33.4,9.4,20.8,.454,3.3,9.4,.347,6.2,11.3,.544,.533,3.8,4.3,.881,0.9,2.9,3.8,5.2,1.6,0.2,3.0,2.5,25.9
372,Evan Mobley\mobleev01,PF,20,CLE,33,33,34.0,6.1,12.1,.501,0.5,1.5,.294,5.6,10.5,.532,.520,2.3,3.1,.735,1.7,6.4,8.1,2.6,0.8,1.8,1.8,2.2,14.8
373,Malik Monk\monkma01,SG,23,LAL,36,9,26.0,4.4,9.4,.472,2.1,5.3,.396,2.3,4.0,.572,.585,1.1,1.3,.844,0.4,2.4,2.9,2.2,0.7,0.5,1.3,1.5,12.0
374,Greg Monroe\monrogr01,C,31,TOT,5,0,16.2,2.6,4.4,.591,0.0,0.0,,2.6,4.4,.591,.591,0.4,1.0,.400,2.4,3.8,6.2,2.4,0.6,1.0,1.2,1.8,5.6
374,Greg Monroe\monrogr01,C,31,MIN,3,0,21.0,3.0,4.7,.643,0.0,0.0,,3.0,4.7,.643,.643,0.7,1.7,.400,1.7,5.3,7.0,3.7,0.7,1.3,1.3,2.3,6.7
374,Greg Monroe\monrogr01,C,31,WAS,2,0,9.0,2.0,4.0,.500,0.0,0.0,,2.0,4.0,.500,.500,0.0,0.0,,3.5,1.5,5.0,0.5,0.5,0.5,1.0,1.0,4.0
375,Moses Moody\moodymo01,SG,19,GSW,25,1,7.0,0.8,2.2,.357,0.2,1.2,.129,0.6,1.0,.640,.393,0.3,0.4,.727,0.2,0.9,1.0,0.3,0.1,0.2,0.2,0.4,2.1
376,Xavier Moon\moonxa01,SG,27,LAC,5,0,13.8,2.2,6.0,.367,0.2,1.6,.125,2.0,4.4,.455,.383,0.0,0.0,,0.2,1.6,1.8,1.2,1.0,0.2,0.4,0.6,4.6
377,Matt Mooney\moonema01,SG,24,NYK,1,0,2.0,0.0,1.0,.000,0.0,1.0,.000,0.0,0.0,,.000,0.0,0.0,,0.0,0.0,0.0,0.0,1.0,0.0,1.0,0.0,0.0
378,Ja Morant\moranja01,PG,22,MEM,30,30,32.4,9.2,18.9,.489,1.6,4.1,.379,7.7,14.7,.520,.531,4.8,6.3,.767,1.3,4.4,5.7,6.7,1.3,0.5,3.1,1.3,24.9
379,Juwan Morgan\morgaju01,PF,24,TOR,1,0,27.0,2.0,3.0,.667,1.0,2.0,.500,1.0,1.0,1.000,.833,0.0,0.0,,2.0,2.0,4.0,1.0,0.0,0.0,0.0,3.0,5.0
380,Jaylen Morris\morrija01,SG,26,SAS,3,0,5.3,0.0,2.0,.000,0.0,0.7,.000,0.0,1.3,.000,.000,0.7,1.3,.500,0.0,0.7,0.7,0.7,0.0,0.0,0.3,0.7,0.7
381,Marcus Morris\morrima03,PF,32,LAC,21,21,30.3,5.8,13.3,.437,2.0,5.3,.375,3.8,8.0,.479,.513,2.6,3.0,.871,0.6,4.4,5.0,2.1,0.5,0.3,1.3,2.3,16.2
382,Markieff Morris\morrima02,PF,32,MIA,10,0,18.7,3.2,7.0,.457,0.8,2.2,.364,2.4,4.8,.500,.514,0.5,0.5,1.000,1.3,1.5,2.8,1.4,0.3,0.1,1.2,2.2,7.7
383,Monte Morris\morrimo01,PG,26,DEN,36,35,30.0,5.2,10.8,.481,1.7,4.4,.384,3.5,6.4,.548,.559,0.6,0.8,.724,0.3,2.4,2.7,4.2,0.7,0.1,1.3,1.4,12.7
384,Emmanuel Mudiay\mudiaem01,PG,25,SAC,2,0,5.5,0.0,1.0,.000,0.0,0.0,,0.0,1.0,.000,.000,1.5,2.0,.750,0.0,0.0,0.0,2.0,0.5,0.0,0.5,0.5,1.5
385,Mychal Mulder\muldemy01,PG,27,ORL,15,2,13.0,1.3,4.5,.299,0.9,3.1,.283,0.5,1.4,.333,.396,0.1,0.1,1.000,0.1,1.3,1.4,0.2,0.3,0.1,0.5,0.8,3.7
386,Ade Murkey\murkead01,SG,24,SAC,1,0,1.0,0.0,0.0,,0.0,0.0,,0.0,0.0,,,0.0,0.0,,0.0,0.0,0.0,0.0,0.0,0.0,0.0,0.0,0.0
387,Trey Murphy III\murphtr02,SF,21,NOP,34,0,13.4,1.3,3.9,.336,1.0,2.9,.340,0.3,1.0,.324,.462,0.4,0.4,.867,0.6,1.5,2.1,0.6,0.3,0.1,0.3,1.0,3.9
388,Dejounte Murray\murrade01,PG,25,SAS,35,35,34.3,7.7,17.5,.441,1.4,4.1,.331,6.3,13.3,.475,.480,1.6,2.3,.722,1.2,7.0,8.2,8.9,2.1,0.5,2.5,2.0,18.4
389,Mike Muscala\muscami01,C,30,OKC,33,0,13.8,2.6,5.8,.447,1.6,3.8,.419,1.0,2.0,.500,.584,1.3,1.5,.875,0.5,2.6,3.1,0.5,0.4,0.6,0.3,1.3,8.0
390,Svi Mykhailiuk\mykhasv01,SF,24,TOR,36,5,17.4,2.3,5.5,.414,1.0,3.0,.324,1.3,2.5,.522,.503,0.8,0.9,.844,0.5,1.8,2.4,1.1,0.6,0.1,0.8,1.3,6.3
391,Abdel Nader\naderab01,SF,28,PHO,14,0,10.4,0.9,2.5,.343,0.3,1.0,.286,0.6,1.5,.381,.400,0.4,0.7,.600,0.3,1.6,1.9,0.5,0.6,0.3,0.8,1.4,2.4
392,Larry Nance Jr.\nancela02,PF,29,POR,37,11,23.2,2.8,5.4,.515,0.5,1.7,.306,2.2,3.7,.610,.563,0.9,1.3,.653,1.6,4.1,5.6,2.0,1.0,0.4,0.7,1.8,6.9
393,RJ Nembhard Jr.\nembhrj01,SG,22,CLE,5,0,8.0,1.0,2.2,.455,0.0,0.2,.000,1.0,2.0,.500,.455,0.2,0.4,.500,0.0,0.4,0.4,2.0,0.0,0.0,0.2,0.4,2.2
394,Aaron Nesmith\nesmiaa01,SF,22,BOS,28,1,10.7,1.1,3.3,.344,0.5,2.3,.234,0.6,1.0,.586,.425,0.3,0.3,.778,0.3,1.4,1.7,0.4,0.3,0.0,0.6,1.4,3.1
395,Raul Neto\netora01,PG,29,WAS,35,0,20.5,3.0,6.7,.441,0.4,1.7,.241,2.6,5.1,.506,.470,1.2,1.6,.745,0.2,2.0,2.2,2.7,0.7,0.0,1.2,1.6,7.5
396,Malik Newman\newmama01,PG,24,CLE,1,0,8.0,3.0,5.0,.600,0.0,1.0,.000,3.0,4.0,.750,.600,2.0,2.0,1.000,0.0,1.0,1.0,1.0,0.0,0.0,1.0,0.0,8.0
397,Georges Niang\niangge01,PF,28,PHI,35,5,23.1,3.6,8.2,.444,2.0,5.0,.398,1.6,3.1,.518,.566,0.9,1.0,.857,0.3,2.4,2.7,1.3,0.5,0.2,0.7,2.5,10.1
398,Daishen Nix\nixda01,SG,19,HOU,8,0,8.4,1.6,2.5,.650,0.4,0.9,.429,1.3,1.6,.769,.725,0.1,0.4,.333,0.1,1.1,1.3,1.3,0.9,0.0,1.1,0.4,3.8
399,Zeke Nnaji\nnajize01,PF,21,DEN,23,0,14.7,2.0,4.2,.464,0.9,1.9,.477,1.0,2.3,.453,.572,0.9,1.5,.571,1.0,2.0,3.0,0.3,0.2,0.3,0.3,1.6,5.7
400,Nerlens Noel\noelne01,C,27,NYK,17,10,23.1,1.3,2.5,.512,0.0,0.1,.000,1.3,2.4,.537,.512,0.9,1.1,.833,2.2,3.6,5.8,0.8,1.1,1.5,0.9,2.6,3.5
401,Jaylen Nowell\nowelja01,SG,22,MIN,27,0,13.5,3.0,6.3,.473,0.7,2.1,.345,2.2,4.1,.541,.533,0.9,1.2,.719,0.3,1.6,1.9,2.0,0.6,0.2,0.5,1.0,7.5
402,Frank Ntilikina\ntilila01,PG,23,DAL,30,5,14.6,1.7,4.7,.371,0.8,2.4,.347,0.9,2.3,.397,.461,0.6,0.6,1.000,0.2,1.3,1.5,1.5,0.7,0.1,0.7,1.2,4.9
403,Jusuf Nurkić\nurkiju01,C,27,POR,37,37,26.5,5.2,9.5,.541,0.2,0.9,.229,4.9,8.6,.575,.552,3.0,4.2,.716,2.4,7.8,10.2,2.6,1.1,0.5,2.2,3.3,13.5
404,David Nwaba\nwabada01,SF,29,HOU,33,4,14.2,2.0,4.3,.475,0.3,1.1,.286,1.7,3.2,.538,.511,1.0,1.4,.702,0.9,3.0,3.9,0.8,0.7,0.5,0.5,1.2,5.4
405,Jordan Nwora\nworajo01,SF,23,MIL,33,9,21.2,3.5,8.4,.420,1.7,4.3,.390,1.8,4.1,.452,.520,0.4,0.5,.824,0.8,3.3,4.1,1.1,0.5,0.4,1.1,1.2,9.1
406,Royce O'Neale\onealro01,SF,28,UTA,38,38,31.3,2.7,5.5,.490,1.4,3.6,.400,1.3,1.9,.658,.620,0.6,0.8,.710,0.9,4.1,4.9,2.5,1.3,0.5,1.0,2.5,7.4
407,Semi Ojeleye\ojelese01,PF,27,MIL,16,0,17.9,0.9,4.1,.212,0.5,2.4,.211,0.4,1.8,.214,.273,0.6,0.7,.818,1.6,2.0,3.6,0.3,0.3,0.3,0.3,1.6,2.8
408,Chuma Okeke\okekech01,PF,23,ORL,30,6,23.0,2.7,7.6,.354,1.0,4.1,.234,1.7,3.5,.495,.417,0.9,1.0,.867,0.7,3.7,4.3,1.4,1.3,0.4,0.9,1.4,7.2
409,Josh Okogie\okogijo01,SG,23,MIN,26,6,13.6,0.9,2.5,.354,0.3,1.2,.267,0.6,1.3,.429,.415,0.7,1.2,.613,0.9,1.3,2.2,0.7,0.6,0.3,0.6,1.3,2.8
410,Onyeka Okongwu\okongon01,C,21,ATL,7,2,23.0,3.7,5.0,.743,0.0,0.0,,3.7,5.0,.743,.743,2.0,2.3,.875,2.0,4.1,6.1,1.1,0.6,1.3,1.4,3.7,9.4
411,Isaac Okoro\okorois01,SF,21,CLE,27,23,28.4,3.3,7.3,.454,0.9,2.9,.321,2.4,4.4,.542,.518,1.5,2.1,.719,1.2,2.4,3.6,1.9,0.8,0.3,1.1,2.5,9.0
412,KZ Okpala\okpalkz01,PF,22,MIA,21,0,11.6,1.4,3.3,.435,0.4,1.2,.346,1.0,2.0,.488,.500,0.4,0.5,.727,0.5,1.4,2.0,0.7,0.2,0.3,0.2,1.2,3.7
413,Cameron Oliver\oliveca01,SF,25,ATL,2,0,21.5,5.0,7.5,.667,0.5,1.5,.333,4.5,6.0,.750,.700,1.0,1.5,.667,1.0,2.0,3.0,1.5,0.5,0.5,0.0,2.5,11.5
414,Kelly Olynyk\olynyke01,C,30,DET,10,1,23.0,4.5,9.8,.459,1.4,4.1,.341,3.1,5.7,.544,.531,2.1,3.5,.600,1.3,4.0,5.3,2.3,1.4,0.7,1.5,2.7,12.5
415,Eugene Omoruyi\omorueu01,SF,24,DAL,4,0,4.5,0.5,1.3,.400,0.3,0.5,.500,0.3,0.8,.333,.500,0.5,1.0,.500,0.5,1.3,1.8,0.5,0.0,0.0,0.0,0.5,1.8
416,Miye Oni\onimi01,SG,24,UTA,16,0,2.8,0.1,0.6,.222,0.1,0.5,.125,0.1,0.1,1.000,.278,0.0,0.1,.000,0.1,0.4,0.4,0.3,0.0,0.0,0.1,0.4,0.3
417,Cedi Osman\osmande01,SF,26,CLE,29,0,22.9,4.0,8.8,.453,2.3,5.7,.398,1.7,3.1,.556,.582,1.2,1.7,.694,0.4,2.3,2.7,1.8,1.0,0.3,0.9,1.8,11.4
418,Daniel Oturu\oturuda01,C,22,TOR,3,0,9.0,1.0,2.0,.500,0.0,0.3,.000,1.0,1.7,.600,.500,1.0,1.7,.600,0.3,1.3,1.7,0.0,0.0,0.7,0.0,0.3,3.0
419,Kelly Oubre Jr.\oubreke01,SF,26,CHO,40,10,28.2,6.1,13.3,.458,2.9,7.8,.373,3.2,5.5,.580,.568,1.6,2.3,.674,1.0,3.0,3.9,1.2,1.1,0.4,1.1,2.5,16.6
420,Jaysean Paige\paigeja01,PG,27,DET,1,0,7.0,0.0,3.0,.000,0.0,2.0,.000,0.0,1.0,.000,.000,0.0,0.0,,0.0,1.0,1.0,1.0,0.0,0.0,1.0,2.0,0.0
421,Trayvon Palmer\palmetr01,SG,27,DET,1,0,17.0,0.0,1.0,.000,0.0,0.0,,0.0,1.0,.000,.000,0.0,0.0,,0.0,2.0,2.0,0.0,0.0,0.0,1.0,2.0,0.0
422,Kevin Pangos\pangoke01,PG,29,CLE,18,3,8.7,0.8,2.5,.333,0.3,1.4,.231,0.5,1.1,.474,.400,0.2,0.2,.750,0.1,0.4,0.6,1.7,0.1,0.0,0.4,0.6,2.2
423,Jabari Parker\parkeja01,PF,26,BOS,12,0,9.3,1.5,3.2,.474,0.7,1.3,.500,0.8,1.8,.455,.579,0.8,0.8,1.000,0.4,1.9,2.3,0.5,0.3,0.1,0.7,1.1,4.4
424,Eric Paschall\pascher01,PF,25,UTA,28,1,11.3,1.5,3.3,.451,0.5,1.8,.286,1.0,1.5,.643,.527,1.0,1.4,.718,0.6,1.2,1.8,0.6,0.1,0.1,0.5,0.9,4.4
425,Chris Paul\paulch01,PG,36,PHO,40,40,32.3,5.3,11.1,.474,1.0,3.0,.328,4.3,8.1,.528,.518,2.5,3.0,.835,0.4,4.0,4.3,10.1,2.0,0.3,2.3,2.2,14.0
426,Cameron Payne\payneca01,PG,27,PHO,35,0,20.3,3.8,9.9,.388,1.1,3.4,.319,2.7,6.5,.425,.443,1.5,1.7,.864,0.4,2.4,2.8,3.6,0.6,0.3,1.9,1.9,10.2
427,Elfrid Payton\paytoel01,PG,27,PHO,21,0,12.1,1.7,4.1,.402,0.0,0.2,.200,1.6,3.9,.415,.408,0.4,0.7,.533,0.5,1.6,2.1,1.9,0.5,0.1,1.1,1.1,3.8
428,Gary Payton II\paytoga02,PG,29,GSW,39,8,17.0,3.3,5.1,.650,0.7,1.8,.420,2.6,3.4,.771,.723,0.6,1.0,.590,1.1,2.6,3.7,0.8,1.4,0.2,0.5,1.7,8.0
429,Norvel Pelle\pelleno01,C,28,UTA,3,0,6.3,1.0,1.7,.600,0.0,0.0,,1.0,1.7,.600,.600,0.0,0.0,,1.0,1.0,2.0,0.0,0.0,0.3,0.7,0.3,2.0
430,Reggie Perry\perryre01,PF,21,POR,2,0,20.5,2.0,4.5,.444,0.5,1.0,.500,1.5,3.5,.429,.500,1.0,1.0,1.000,1.0,2.5,3.5,1.0,0.5,0.0,0.5,3.0,5.5
431,Jamorko Pickett\pickeja01,PF,24,DET,6,0,7.8,0.2,1.7,.100,0.2,1.2,.143,0.0,0.5,.000,.150,0.0,0.0,,0.3,1.2,1.5,0.2,0.0,0.2,0.5,0.5,0.5
432,Theo Pinson\pinsoth01,SF,26,DAL,10,0,9.3,0.8,2.7,.296,0.5,2.0,.250,0.3,0.7,.429,.389,0.4,0.4,1.000,0.0,1.6,1.6,1.2,0.4,0.2,0.2,0.9,2.5
433,Mason Plumlee\plumlma01,C,31,CHO,32,32,24.6,2.8,4.7,.607,0.0,0.0,.000,2.8,4.7,.611,.607,0.8,2.2,.380,2.4,4.8,7.1,2.8,0.9,0.9,1.2,2.9,6.5
434,Jakob Poeltl\poeltja01,C,26,SAS,33,32,28.5,5.8,9.7,.594,0.0,0.0,,5.8,9.7,.594,.594,0.9,2.4,.363,4.1,4.8,8.9,2.7,0.7,1.4,1.6,3.1,12.4
435,Aleksej Pokusevski\pokusal01,PF,20,OKC,36,2,15.1,1.9,5.4,.358,0.6,2.4,.230,1.4,2.9,.462,.409,0.2,0.4,.500,0.9,3.1,4.0,1.1,0.5,0.5,1.2,1.2,4.6
436,Yves Pons\ponsyv01,SF,22,MEM,6,0,3.5,0.2,0.5,.333,0.2,0.2,1.000,0.0,0.3,.000,.500,0.0,0.3,.000,0.3,0.5,0.8,0.0,0.0,0.0,0.0,0.3,0.5
437,Jordan Poole\poolejo01,SG,22,GSW,34,29,29.6,6.0,13.5,.442,2.5,7.5,.333,3.5,6.0,.578,.535,2.8,3.1,.895,0.2,2.9,3.1,3.4,0.9,0.3,2.4,2.8,17.2
438,Kevin Porter Jr.\porteke02,PG,21,HOU,26,26,29.7,4.2,11.7,.357,1.8,5.6,.322,2.4,6.1,.390,.434,2.0,3.3,.609,0.8,3.5,4.3,5.8,1.3,0.3,3.8,2.5,12.2
439,Michael Porter Jr.\portemi01,SF,23,DEN,9,9,29.4,4.1,11.4,.359,1.1,5.3,.208,3.0,6.1,.491,.408,0.6,1.0,.556,1.0,5.6,6.6,1.9,1.1,0.2,1.3,1.8,9.9
440,Otto Porter Jr.\porteot01,PF,28,GSW,34,4,21.4,3.0,6.6,.460,1.5,3.9,.391,1.5,2.7,.560,.576,0.5,0.7,.708,1.1,4.0,5.1,1.5,1.0,0.5,0.6,1.3,8.1
441,Bobby Portis\portibo01,C,26,MIL,34,29,28.4,5.9,12.3,.481,1.9,4.5,.428,4.0,7.8,.511,.559,1.6,2.1,.789,2.9,6.4,9.2,1.4,0.8,0.8,1.6,2.7,15.4
442,Kristaps Porziņģis\porzikr01,PF,26,DAL,26,26,30.4,7.2,16.0,.451,1.5,5.5,.282,5.7,10.5,.538,.499,4.7,5.3,.883,2.2,5.8,8.0,2.3,0.8,1.7,1.5,2.3,20.6
443,Micah Potter\pottemi01,C,23,DET,3,0,10.3,1.7,3.7,.455,0.0,0.7,.000,1.7,3.0,.556,.455,0.7,0.7,1.000,1.3,1.7,3.0,0.0,0.3,0.3,0.3,1.3,4.0
444,Dwight Powell\poweldw01,C,30,DAL,40,37,20.3,2.7,4.4,.605,0.3,0.7,.414,2.4,3.7,.642,.638,1.5,2.1,.720,2.0,2.6,4.6,1.1,0.5,0.4,0.7,2.4,7.1
445,Myles Powell\powelmy01,PG,24,PHI,5,0,7.4,0.8,2.4,.333,0.2,0.8,.250,0.6,1.6,.375,.375,0.4,0.4,1.000,0.2,0.8,1.0,0.4,0.2,0.0,0.6,1.2,2.2
446,Norman Powell\powelno01,SF,28,POR,34,34,32.9,6.2,13.6,.455,2.2,5.5,.399,4.0,8.1,.493,.536,4.0,4.9,.820,0.4,2.5,2.9,2.1,1.0,0.4,1.5,2.3,18.6
447,Joshua Primo\primojo01,SG,19,SAS,17,3,13.5,1.6,4.1,.391,0.8,2.2,.378,0.8,1.9,.406,.493,0.5,0.6,.800,0.4,1.2,1.6,1.2,0.4,0.5,0.7,0.9,4.5
448,Taurean Prince\princta02,PF,27,MIN,30,8,14.8,1.6,4.3,.380,0.9,2.8,.313,0.8,1.5,.500,.481,0.6,0.8,.739,0.4,1.6,2.0,0.9,0.4,0.2,0.6,1.5,4.7
449,Payton Pritchard\pritcpa01,SG,24,BOS,31,2,13.5,1.8,4.9,.359,1.1,3.2,.357,0.6,1.8,.364,.474,0.3,0.3,1.000,0.4,1.5,1.9,1.8,0.2,0.1,0.7,0.9,4.9
450,Trevelin Queen\queentr01,SG,24,HOU,8,0,8.6,1.6,3.6,.448,1.0,2.8,.364,0.6,0.9,.714,.586,0.4,0.4,1.000,0.6,1.1,1.8,0.4,0.6,0.0,0.9,0.8,4.6
451,Neemias Queta\quetane01,C,22,SAC,4,0,8.5,1.0,2.8,.364,0.0,0.0,,1.0,2.8,.364,.364,0.8,1.0,.750,1.0,1.5,2.5,0.8,0.3,0.3,0.5,1.3,2.8
452,Immanuel Quickley\quickim01,PG,22,NYK,37,2,22.9,3.5,9.0,.395,1.8,5.2,.351,1.7,3.7,.457,.497,1.8,1.9,.930,0.4,2.0,2.3,2.7,0.6,0.1,1.2,2.1,10.7
453,Jahmi'us Ramsey\ramseja01,SG,20,SAC,15,0,5.5,0.9,2.3,.412,0.1,0.7,.182,0.8,1.5,.522,.441,0.3,0.7,.500,0.1,0.3,0.3,0.2,0.1,0.1,0.1,0.3,2.3
454,Julius Randle\randlju01,PF,27,NYK,39,39,35.5,6.9,16.6,.416,1.7,5.6,.312,5.2,11.0,.469,.468,3.5,4.6,.764,1.8,8.4,10.2,4.8,0.8,0.6,3.5,2.8,19.0
455,Austin Reaves\reaveau01,SG,23,LAL,22,0,20.3,2.0,4.0,.511,0.8,2.3,.360,1.2,1.7,.711,.614,1.0,1.1,.875,0.3,2.0,2.3,1.1,0.3,0.1,0.5,1.7,5.9
456,Cam Reddish\reddica01,SF,22,ATL,34,7,23.4,4.1,10.1,.402,1.7,4.5,.379,2.4,5.6,.421,.487,2.1,2.4,.900,0.6,1.9,2.5,1.1,1.0,0.3,1.3,1.3,11.9
457,Davon Reed\reedda01,SG,26,DEN,14,2,16.6,1.6,3.6,.431,0.6,1.6,.348,1.0,2.0,.500,.510,0.3,0.4,.800,0.5,2.7,3.2,1.3,1.1,0.1,0.3,1.7,4.0
458,Paul Reed\reedpa01,C,22,PHI,19,2,9.4,1.1,2.2,.476,0.0,0.2,.000,1.1,2.0,.526,.476,0.2,0.3,.500,1.1,1.4,2.4,0.5,0.6,0.5,0.4,1.5,2.3
459,Naz Reid\reidna01,C,22,MIN,38,5,16.7,3.3,7.1,.465,0.8,2.5,.333,2.4,4.6,.538,.524,1.5,2.1,.722,1.5,2.5,4.0,0.7,0.5,0.9,1.0,2.3,8.9
460,Nick Richards\richani01,C,24,CHO,31,5,9.3,1.6,2.4,.685,0.0,0.0,,1.6,2.4,.685,.685,0.8,0.9,.828,0.9,1.3,2.2,0.4,0.3,0.6,0.6,1.4,4.0
461,Josh Richardson\richajo01,SG,28,BOS,29,0,26.1,3.8,8.2,.456,1.4,3.5,.406,2.3,4.8,.493,.542,1.7,2.0,.845,0.6,2.1,2.7,1.4,0.9,0.5,0.8,2.1,10.6
462,Austin Rivers\riverau01,SG,29,DEN,29,9,20.5,2.1,5.5,.384,1.1,3.6,.311,1.0,1.9,.518,.484,0.4,0.6,.611,0.4,1.5,1.9,1.1,0.5,0.1,0.8,1.6,5.7
463,Duncan Robinson\robindu01,SG,27,MIA,37,35,28.2,4.1,10.5,.390,3.1,8.7,.359,1.0,1.8,.537,.538,0.6,0.8,.800,0.4,3.0,3.4,1.5,0.7,0.2,0.7,2.7,12.0
464,Justin Robinson\robinju01,PG,24,TOT,25,0,12.2,1.1,3.7,.301,0.7,2.4,.295,0.4,1.3,.313,.398,0.2,0.3,.500,0.2,0.7,0.8,1.3,0.4,0.0,0.7,1.1,3.1
464,Justin Robinson\robinju01,PG,24,MIL,17,0,11.6,1.1,3.4,.316,0.6,2.2,.270,0.5,1.2,.400,.404,0.1,0.1,1.000,0.1,0.6,0.8,1.2,0.5,0.0,0.6,1.0,2.8
464,Justin Robinson\robinju01,PG,24,SAC,3,0,5.0,0.3,2.7,.125,0.0,1.0,.000,0.3,1.7,.200,.125,0.0,0.0,,0.0,0.3,0.3,0.7,0.0,0.0,0.3,0.7,0.7
464,Justin Robinson\robinju01,PG,24,DET,5,0,18.2,1.8,5.6,.321,1.6,4.2,.381,0.2,1.4,.143,.464,0.4,1.2,.333,0.4,1.0,1.4,1.8,0.2,0.2,1.0,1.6,5.6
465,Mitchell Robinson\robinmi01,C,23,NYK,37,28,24.9,3.2,4.1,.784,0.0,0.0,,3.2,4.1,.784,.784,1.2,2.2,.556,3.4,4.6,8.1,0.5,0.5,1.6,0.8,2.6,7.7
466,Jeremiah Robinson-Earl\robinje02,C,21,OKC,36,28,22.8,2.7,6.6,.415,1.2,3.4,.344,1.6,3.2,.491,.504,0.8,1.1,.692,1.7,3.9,5.6,0.9,0.5,0.3,0.9,1.6,7.4
467,Isaiah Roby\robyis01,PF,23,OKC,18,5,13.7,2.6,4.7,.560,0.6,1.2,.500,2.0,3.4,.581,.625,0.9,1.2,.762,1.1,2.2,3.3,0.7,0.2,0.3,0.8,1.4,6.7
468,Rajon Rondo\rondora01,PG,35,TOT,21,0,16.9,1.6,4.5,.347,0.7,2.1,.318,0.9,2.4,.373,.421,0.3,0.4,.750,0.5,2.4,2.9,3.9,0.7,0.2,2.0,1.5,4.1
468,Rajon Rondo\rondora01,PG,35,LAL,18,0,16.1,1.3,3.9,.324,0.4,1.7,.267,0.8,2.3,.366,.380,0.1,0.1,.500,0.6,2.2,2.7,3.7,0.7,0.3,1.9,1.4,3.1
468,Rajon Rondo\rondora01,PG,35,CLE,3,0,21.7,3.3,8.0,.417,2.0,4.7,.429,1.3,3.3,.400,.542,1.7,2.0,.833,0.3,3.7,4.0,4.7,1.0,0.0,2.3,2.0,10.3
469,Derrick Rose\rosede01,PG,33,NYK,26,4,24.5,4.7,10.5,.445,1.4,3.5,.402,3.3,7.0,.467,.513,1.2,1.2,.968,0.8,2.2,3.0,4.0,0.8,0.5,1.5,0.6,12.0
470,Terrence Ross\rosste01,SG,30,ORL,33,0,26.3,4.4,10.5,.416,1.5,4.8,.306,2.9,5.7,.508,.486,2.6,2.9,.876,0.4,2.4,2.8,2.2,0.6,0.2,1.5,1.4,12.8
471,Terry Rozier\roziete01,SG,27,CHO,32,32,32.0,6.7,15.2,.437,2.9,7.6,.387,3.7,7.6,.488,.534,1.9,2.3,.811,0.7,3.2,3.9,3.4,1.2,0.4,1.2,1.4,18.1
472,Ricky Rubio\rubiori01,PG,31,CLE,34,8,28.5,4.4,12.1,.363,1.7,5.1,.339,2.6,7.0,.380,.434,2.6,3.0,.854,0.4,3.7,4.1,6.6,1.4,0.2,2.6,2.2,13.1
473,D'Angelo Russell\russeda01,PG,25,MIN,31,31,32.9,6.5,16.4,.398,3.0,8.5,.347,3.5,7.8,.455,.489,2.6,3.3,.812,0.4,3.4,3.7,7.0,0.9,0.5,2.6,2.1,18.6
474,Domantas Sabonis\sabondo01,C,25,IND,40,39,34.9,7.1,12.3,.578,0.8,2.4,.323,6.3,9.9,.640,.609,4.2,5.6,.746,3.2,8.8,12.0,4.6,1.0,0.4,3.1,3.1,19.1
475,Olivier Sarr\sarrol01,C,22,OKC,2,0,7.0,0.5,1.5,.333,0.0,0.5,.000,0.5,1.0,.500,.333,1.0,1.0,1.000,0.0,2.5,2.5,0.0,0.0,1.0,0.0,0.5,2.0
476,Tomáš Satoranský\satorto01,SG,30,NOP,31,3,14.9,1.0,3.3,.311,0.2,1.0,.167,0.9,2.4,.370,.335,0.6,0.8,.760,0.6,1.5,2.0,2.3,0.5,0.0,0.7,1.0,2.8
477,Jordan Schakel\schakjo01,SG,23,WAS,2,0,7.0,0.0,3.0,.000,0.0,1.5,.000,0.0,1.5,.000,.000,0.0,0.0,,1.0,0.5,1.5,0.0,0.0,0.0,0.0,0.0,0.0
478,Admiral Schofield\schofad01,SF,24,ORL,10,1,15.6,1.9,3.6,.528,0.5,1.7,.294,1.4,1.9,.737,.597,0.0,0.1,.000,0.2,2.7,2.9,0.9,0.1,0.3,0.8,2.1,4.3
479,Dennis Schröder\schrode01,SG,28,BOS,34,19,31.6,5.8,13.4,.432,1.4,4.2,.326,4.4,9.1,.481,.483,3.0,3.5,.856,0.6,2.8,3.4,4.6,0.8,0.1,2.3,2.5,15.9
480,Tre Scott\scotttr01,SF,25,CLE,2,0,5.5,1.5,3.0,.500,0.0,0.5,.000,1.5,2.5,.600,.500,0.0,0.0,,0.5,0.5,1.0,0.0,0.5,0.5,0.0,1.0,3.0
481,Jay Scrubb\scrubja01,SG,21,LAC,13,0,5.7,1.0,2.6,.382,0.4,1.3,.294,0.6,1.3,.471,.456,0.3,0.5,.667,0.1,0.5,0.6,0.5,0.2,0.2,0.2,0.3,2.7
482,Wayne Selden\seldewa01,SG,27,NYK,3,0,6.3,0.3,1.3,.250,0.3,0.7,.500,0.0,0.7,.000,.375,0.7,1.3,.500,0.0,0.3,0.3,0.3,0.0,0.0,0.0,0.3,1.7
483,Alperen Şengün\sengual01,C,19,HOU,35,2,18.4,3.1,6.3,.500,0.3,1.1,.308,2.8,5.2,.541,.527,2.4,3.4,.703,1.7,3.1,4.8,2.6,0.9,0.9,1.9,3.1,9.0
484,Collin Sexton\sextoco01,SG,23,CLE,11,11,28.7,6.2,13.7,.450,1.0,4.1,.244,5.2,9.6,.538,.487,2.6,3.5,.744,1.2,2.1,3.3,2.1,0.9,0.0,2.8,2.3,16.0
485,Landry Shamet\shamela01,SG,24,PHO,36,7,20.5,2.6,6.8,.381,1.7,4.6,.365,0.9,2.1,.416,.506,0.9,1.1,.846,0.3,1.9,2.1,1.6,0.5,0.1,0.6,1.1,7.8
486,Day'Ron Sharpe\sharpda01,PF,20,BRK,14,0,8.1,1.9,3.1,.628,0.1,0.2,.333,1.9,2.9,.650,.640,0.6,1.2,.529,1.9,1.6,3.5,0.1,0.2,0.4,0.9,1.4,4.6
487,Pascal Siakam\siakapa01,PF,27,TOR,25,25,35.7,7.9,16.6,.475,1.1,3.5,.318,6.8,13.1,.517,.508,3.8,5.2,.731,2.0,6.3,8.3,4.6,1.0,0.8,2.5,3.4,20.7
488,Chris Silva\silvach01,PF,25,TOT,6,0,10.7,1.3,2.2,.615,0.0,0.0,,1.3,2.2,.615,.615,1.3,1.5,.889,1.7,2.8,4.5,0.5,0.0,0.0,0.7,2.0,4.0
488,Chris Silva\silvach01,PF,25,MIN,1,0,3.0,0.0,0.0,,0.0,0.0,,0.0,0.0,,,0.0,0.0,,0.0,1.0,1.0,0.0,0.0,0.0,0.0,0.0,0.0
488,Chris Silva\silvach01,PF,25,MIA,5,0,12.2,1.6,2.6,.615,0.0,0.0,,1.6,2.6,.615,.615,1.6,1.8,.889,2.0,3.2,5.2,0.6,0.0,0.0,0.8,2.4,4.8
489,Marko Simonovic\simonma01,C,22,CHI,6,0,3.7,0.0,1.2,.000,0.0,0.5,.000,0.0,0.7,.000,.000,0.8,1.0,.833,0.5,0.5,1.0,0.0,0.0,0.2,0.3,0.8,0.8
490,Anfernee Simons\simonan01,SG,22,POR,35,8,26.0,5.1,11.6,.443,2.4,6.2,.392,2.7,5.4,.503,.548,1.4,1.5,.943,0.5,2.1,2.7,2.9,0.4,0.1,1.5,2.0,14.1
491,Jericho Sims\simsje01,PF,23,NYK,12,0,7.0,0.5,0.5,1.000,0.0,0.0,,0.5,0.5,1.000,1.000,0.3,0.3,.750,0.6,1.2,1.8,0.1,0.2,0.4,0.2,0.4,1.3
492,Deividas Sirvydis\sirvyde01,SG,21,DET,3,0,9.0,0.3,3.3,.100,0.3,2.3,.143,0.0,1.0,.000,.150,0.0,0.0,,0.0,2.0,2.0,0.3,1.0,0.3,0.0,1.3,1.0
493,Javonte Smart\smartja01,PG,22,MIL,13,1,12.3,0.8,3.3,.256,0.3,1.4,.222,0.5,1.9,.280,.302,0.4,0.5,.833,0.3,1.2,1.5,1.1,0.3,0.2,0.7,0.8,2.4
494,Marcus Smart\smartma01,PG,27,BOS,38,38,34.1,4.0,10.2,.393,1.4,4.8,.304,2.6,5.5,.471,.464,2.1,2.6,.798,0.6,3.3,4.0,5.3,1.9,0.3,2.0,2.5,11.6
495,Dennis Smith Jr.\smithde03,PG,24,POR,22,3,17.1,2.1,5.4,.395,0.3,1.1,.240,1.9,4.3,.436,.420,1.0,1.5,.667,0.5,1.8,2.4,3.3,1.2,0.4,1.5,1.1,5.5
496,Ish Smith\smithis01,PG,33,CHO,27,1,14.4,2.1,5.1,.403,0.3,0.7,.444,1.8,4.5,.397,.432,0.3,0.6,.563,0.1,1.3,1.4,2.8,0.6,0.3,1.1,1.0,4.8
497,Jalen Smith\smithja04,PF,21,PHO,19,4,14.3,2.7,5.6,.491,0.4,1.4,.259,2.4,4.2,.570,.524,1.6,1.9,.838,2.3,3.1,5.3,0.3,0.2,0.6,0.7,1.7,7.5
498,Xavier Sneed\sneedxa01,SF,24,MEM,2,0,4.0,0.0,1.0,.000,0.0,1.0,.000,0.0,0.0,,.000,0.0,0.0,,0.5,0.5,1.0,0.0,0.0,0.0,0.0,1.0,0.0
499,Tony Snell\snellto01,SG,30,POR,28,7,12.4,0.8,2.1,.356,0.6,1.6,.370,0.1,0.5,.308,.500,0.1,0.1,1.000,0.3,1.2,1.4,0.6,0.2,0.1,0.3,1.1,2.2
500,Jaden Springer\sprinja01,SG,19,PHI,2,0,3.0,0.5,0.5,1.000,0.0,0.0,,0.5,0.5,1.000,1.000,0.0,0.0,,0.5,0.5,1.0,0.0,0.0,1.0,0.5,0.0,1.0
501,Cassius Stanley\stanlca01,SG,22,DET,5,1,21.2,2.8,6.6,.424,0.8,2.4,.333,2.0,4.2,.476,.485,1.6,1.6,1.000,1.0,1.4,2.4,0.6,0.6,0.4,1.0,1.8,8.0
502,Nik Stauskas\stausni01,SG,28,MIA,2,0,12.0,1.5,4.0,.375,1.0,2.0,.500,0.5,2.0,.250,.500,1.5,2.0,.750,0.5,1.0,1.5,0.5,0.0,0.0,0.0,0.5,5.5
503,Lance Stephenson\stephla01,SF-SG,31,TOT,11,0,17.5,3.1,6.3,.493,0.7,2.3,.320,2.4,4.0,.591,.551,0.5,0.8,.667,0.3,2.5,2.8,3.3,0.5,0.0,1.1,1.7,7.5
503,Lance Stephenson\stephla01,SF,31,ATL,6,0,11.7,0.8,2.2,.385,0.0,0.5,.000,0.8,1.7,.500,.385,0.2,0.3,.500,0.2,2.3,2.5,1.8,0.0,0.0,0.7,1.3,1.8
503,Lance Stephenson\stephla01,SG,31,IND,5,0,24.4,5.8,11.2,.518,1.6,4.4,.364,4.2,6.8,.618,.589,1.0,1.4,.714,0.4,2.8,3.2,5.0,1.0,0.0,1.6,2.2,14.2
504,Lamar Stevens\stevela01,PF,24,CLE,27,5,14.0,1.8,4.1,.441,0.4,1.3,.324,1.4,2.9,.494,.491,0.4,0.7,.632,0.7,1.4,2.1,0.6,0.3,0.2,0.5,1.4,4.5
505,Isaiah Stewart\stewais01,C,20,DET,32,32,25.6,3.3,6.3,.527,0.1,0.6,.105,3.3,5.8,.571,.532,1.1,1.6,.673,2.6,5.6,8.3,1.1,0.4,1.3,1.3,2.8,7.8
506,Max Strus\strusma01,SF,25,MIA,29,5,23.3,4.0,8.6,.470,2.6,6.3,.418,1.4,2.3,.612,.622,0.9,1.1,.758,0.3,3.1,3.5,1.2,0.3,0.1,0.7,1.4,11.6
507,Jalen Suggs\suggsja01,PG,20,ORL,21,21,27.8,4.1,12.2,.339,1.2,4.9,.255,2.9,7.4,.394,.389,2.8,3.6,.763,0.8,2.6,3.4,3.6,1.1,0.4,3.2,2.8,12.3
508,Craig Sword\swordcr01,SG,,WAS,3,0,6.3,1.0,1.3,.750,0.0,0.3,.000,1.0,1.0,1.000,.750,0.0,0.0,,0.0,0.0,0.0,0.3,1.3,0.0,0.3,2.3,2.0
509,Keifer Sykes\sykeske01,PG,28,IND,7,5,26.9,3.7,8.7,.426,1.4,4.7,.303,2.3,4.0,.571,.508,1.1,1.3,.889,0.3,2.4,2.7,3.6,0.6,0.1,1.4,2.6,10.0
510,Jae'Sean Tate\tateja01,SF,26,HOU,40,39,27.3,4.9,9.9,.491,0.8,2.7,.299,4.1,7.2,.563,.532,1.9,2.7,.697,1.7,4.0,5.7,3.0,0.9,0.6,1.8,3.6,12.4
511,Jayson Tatum\tatumja01,SF,23,BOS,37,37,36.7,8.8,21.2,.416,2.8,8.4,.327,6.1,12.8,.475,.481,5.1,6.1,.840,1.1,7.4,8.5,3.7,1.0,0.8,2.9,2.5,25.5
512,Terry Taylor\taylote01,SG,22,IND,1,0,1.0,0.0,0.0,,0.0,0.0,,0.0,0.0,,,0.0,0.0,,0.0,0.0,0.0,1.0,0.0,0.0,0.0,0.0,0.0
513,Garrett Temple\templga01,SG,35,NOP,39,12,19.7,2.2,5.4,.403,1.3,3.5,.358,0.9,1.9,.486,.519,0.6,0.8,.733,0.6,2.3,2.9,1.3,0.8,0.4,0.9,1.6,6.2
514,Emanuel Terry\terryem01,PF,25,PHO,3,0,6.0,0.0,1.7,.000,0.0,0.0,,0.0,1.7,.000,.000,0.0,0.0,,2.7,2.3,5.0,0.7,0.3,0.0,1.7,1.3,0.0
515,Tyrell Terry\terryty01,PG,21,MEM,2,0,1.5,0.5,0.5,1.000,0.0,0.0,,0.5,0.5,1.000,1.000,0.0,0.0,,0.0,0.0,0.0,0.0,0.0,0.0,0.0,0.5,1.0
516,Jon Teske\teskejo01,C,24,MEM,3,0,2.7,0.0,0.3,.000,0.0,0.0,,0.0,0.3,.000,.000,0.0,0.7,.000,0.0,0.7,0.7,0.3,0.3,0.0,0.0,0.3,0.0
517,Daniel Theis\theisda01,C,29,HOU,24,21,23.4,3.4,7.2,.468,0.9,3.2,.289,2.5,4.0,.608,.532,1.1,1.6,.684,1.3,4.0,5.3,0.8,0.5,0.7,1.3,2.4,8.8
518,Brodric Thomas\thomabr01,SG,25,BOS,5,0,4.4,0.2,1.2,.167,0.0,0.8,.000,0.2,0.4,.500,.167,0.4,0.4,1.000,0.2,0.6,0.8,0.6,0.0,0.0,0.4,0.0,0.8
519,Cam Thomas\thomaca02,SG,20,BRK,28,1,16.4,2.8,6.7,.415,0.6,2.6,.247,2.1,4.1,.522,.463,0.8,1.0,.815,0.2,2.2,2.4,1.2,0.5,0.1,0.7,0.6,7.0
520,Isaiah Thomas\thomais02,PG,32,TOT,5,1,22.8,3.0,9.4,.319,1.0,5.0,.200,2.0,4.4,.455,.372,1.6,2.2,.727,0.2,1.4,1.6,2.0,0.0,0.4,1.0,2.4,8.6
520,Isaiah Thomas\thomais02,PG,32,LAL,4,1,25.3,3.0,9.8,.308,1.3,5.5,.227,1.8,4.3,.412,.372,2.0,2.8,.727,0.3,1.8,2.0,1.5,0.0,0.5,1.3,3.0,9.3
520,Isaiah Thomas\thomais02,PG,32,DAL,1,0,13.0,3.0,8.0,.375,0.0,3.0,.000,3.0,5.0,.600,.375,0.0,0.0,,0.0,0.0,0.0,4.0,0.0,0.0,0.0,0.0,6.0
521,Matt Thomas\thomama02,SG,27,CHI,15,0,9.7,1.1,3.1,.362,0.8,2.0,.400,0.3,1.1,.294,.489,0.2,0.3,.750,0.1,0.9,0.9,0.4,0.2,0.1,0.1,0.3,3.3
522,Klay Thompson\thompkl01,SG,31,GSW,2,2,20.0,6.0,15.5,.387,2.5,6.5,.385,3.5,9.0,.389,.468,1.0,1.0,1.000,0.5,2.5,3.0,2.0,0.5,1.0,2.5,2.0,15.5
523,Tristan Thompson\thomptr01,PF,30,SAC,30,3,15.2,2.5,5.0,.503,0.0,0.0,1.000,2.5,5.0,.500,.507,1.1,2.0,.533,2.4,3.0,5.4,0.6,0.4,0.4,1.0,1.7,6.2
524,JT Thor\thorjt01,PF,19,CHO,10,0,10.9,0.9,2.5,.360,0.3,1.6,.188,0.6,0.9,.667,.420,0.5,0.8,.625,0.5,0.9,1.4,0.6,0.4,0.6,0.4,1.4,2.6
525,Matisse Thybulle\thybuma01,SG,24,PHI,30,15,26.0,2.4,4.9,.493,0.7,2.5,.293,1.7,2.4,.699,.568,0.3,0.3,.889,0.5,1.8,2.4,1.1,1.8,1.1,0.8,2.4,5.9
526,Killian Tillie\tilliki02,C,23,MEM,27,3,13.1,1.3,3.7,.343,0.8,2.4,.328,0.5,1.3,.371,.449,0.2,0.3,.625,0.7,1.1,1.8,0.5,0.7,0.5,0.3,1.6,3.5
527,Xavier Tillman Sr.\tillmxa01,PF,23,MEM,31,0,14.5,1.9,4.4,.434,0.2,1.1,.182,1.7,3.3,.515,.456,0.9,1.4,.690,1.4,2.0,3.4,1.2,1.2,0.5,0.7,1.3,4.9
528,Isaiah Todd\toddis01,PF,20,WAS,9,0,3.9,0.6,1.7,.333,0.4,1.1,.400,0.1,0.6,.200,.467,0.2,0.4,.500,0.2,0.8,1.0,0.1,0.2,0.2,0.1,0.1,1.8
529,Obi Toppin\toppiob01,PF,23,NYK,36,2,16.3,3.1,5.8,.529,0.3,1.6,.203,2.8,4.2,.656,.557,1.5,1.9,.786,1.1,2.8,3.8,1.1,0.3,0.5,0.8,1.5,8.0
530,Juan Toscano-Anderson\toscaju01,SF,28,GSW,38,4,16.3,1.9,3.7,.504,0.3,1.2,.239,1.6,2.5,.632,.543,0.7,1.1,.610,0.6,2.4,2.9,2.1,0.8,0.3,1.2,1.6,4.7
531,Karl-Anthony Towns\townska01,C,26,MIN,34,34,34.5,8.7,16.9,.516,2.3,5.4,.422,6.4,11.4,.560,.584,4.9,6.0,.814,2.9,6.3,9.3,3.7,1.1,1.2,3.5,3.7,24.6
532,Gary Trent Jr.\trentga02,SG,23,TOR,33,32,34.0,6.1,14.5,.421,2.7,7.3,.368,3.4,7.1,.477,.515,1.5,1.8,.845,0.4,2.5,2.8,2.1,1.9,0.4,0.9,2.2,16.4
533,P.J. Tucker\tuckepj01,PF,36,MIA,34,33,28.5,3.1,6.1,.500,1.4,2.9,.469,1.7,3.2,.527,.611,0.7,1.0,.697,1.7,3.9,5.7,2.2,0.7,0.3,1.0,2.3,8.1
534,Rayjon Tucker\tuckera01,SG,24,DEN,3,0,9.7,0.3,0.7,.500,0.3,0.7,.500,0.0,0.0,,.750,1.0,1.3,.750,0.3,1.0,1.3,1.3,0.3,0.0,0.0,1.0,2.0
535,Myles Turner\turnemy01,C,25,IND,40,40,29.6,4.8,9.3,.514,1.5,4.4,.349,3.2,4.9,.662,.596,1.9,2.5,.752,1.5,5.7,7.2,1.1,0.6,2.9,1.4,2.8,12.9
536,Jonas Valančiūnas\valanjo01,C,29,NOP,38,38,31.6,7.0,13.5,.520,1.0,2.3,.427,6.0,11.2,.540,.558,3.4,4.2,.823,3.5,8.6,12.1,2.4,0.6,0.9,2.4,3.1,18.5
537,Denzel Valentine\valende01,SG,28,CLE,22,0,9.3,1.0,2.8,.371,0.8,2.0,.409,0.2,0.8,.278,.516,0.0,0.0,,0.4,1.3,1.7,0.5,0.3,0.0,0.5,0.8,2.9
538,Jarred Vanderbilt\vandeja01,PF,22,MIN,36,29,25.5,2.8,4.9,.567,0.1,0.3,.200,2.8,4.7,.589,.573,0.9,1.5,.642,3.2,5.9,9.1,1.4,1.6,0.8,1.1,2.7,6.6
539,Fred VanVleet\vanvlfr01,PG,27,TOR,35,35,37.7,7.6,17.3,.441,3.8,9.4,.409,3.8,7.9,.478,.551,2.9,3.3,.879,0.8,4.1,4.9,6.6,1.7,0.5,2.7,2.4,22.0
540,Devin Vassell\vassede01,SF,21,SAS,32,4,25.0,4.4,9.7,.453,1.7,4.8,.351,2.7,4.8,.555,.540,0.7,0.9,.733,0.7,3.2,3.9,1.5,1.0,0.7,0.8,1.9,11.1
541,Gabe Vincent\vincega01,PG,25,MIA,32,10,21.8,3.1,7.2,.435,1.6,4.3,.374,1.5,2.8,.527,.548,0.8,1.0,.774,0.5,1.6,2.1,2.9,0.8,0.2,1.5,2.2,8.6
542,Nikola Vučević\vucevni01,C,31,CHI,31,31,33.2,6.7,15.6,.431,1.7,4.9,.342,5.0,10.7,.471,.484,0.9,1.4,.667,2.0,9.5,11.4,3.4,1.1,1.1,1.5,2.2,16.0
543,Dean Wade\wadede01,PF,25,CLE,29,16,19.7,1.9,4.3,.432,0.9,2.7,.329,1.0,1.6,.609,.536,0.3,0.4,.769,0.8,2.6,3.4,1.2,0.5,0.1,0.4,1.6,5.0
544,Franz Wagner\wagnefr01,SF,20,ORL,41,41,32.1,5.9,13.0,.452,1.3,3.6,.363,4.6,9.4,.486,.502,2.6,3.1,.844,1.2,3.5,4.7,2.6,1.0,0.5,1.6,2.2,15.7
545,Moritz Wagner\wagnemo01,C,24,ORL,31,0,11.5,2.1,4.7,.442,0.9,2.8,.337,1.2,2.0,.590,.541,1.4,1.7,.792,0.5,1.8,2.4,0.8,0.2,0.2,0.7,1.9,6.5
546,Ish Wainright\wainris01,PF,27,PHO,16,0,6.6,0.6,2.1,.294,0.3,1.3,.200,0.4,0.9,.429,.353,0.1,0.3,.500,0.7,0.6,1.3,0.5,0.4,0.1,0.4,1.3,1.6
547,Kemba Walker\walkeke02,PG,31,NYK,24,24,27.3,4.7,11.4,.414,2.4,6.0,.403,2.3,5.4,.426,.520,1.8,2.1,.840,0.5,3.1,3.5,3.6,0.8,0.2,1.4,1.2,13.6
548,Lonnie Walker IV\walkelo01,SG,23,SAS,36,5,22.8,4.3,10.8,.397,1.6,5.2,.309,2.7,5.6,.480,.472,1.5,1.8,.846,0.2,2.7,2.9,2.4,0.6,0.3,1.1,1.3,11.8
549,M.J. Walker\walkemj01,SG,23,PHO,2,0,4.0,0.0,2.0,.000,0.0,1.0,.000,0.0,1.0,.000,.000,0.0,0.0,,0.0,0.5,0.5,0.5,1.0,0.0,0.0,0.5,0.0
550,Derrick Walton\waltode01,PG,26,DET,3,3,36.0,2.0,8.7,.231,1.0,4.3,.231,1.0,4.3,.231,.288,1.3,1.3,1.000,0.7,2.7,3.3,7.0,2.3,1.3,3.7,2.7,6.3
551,Brad Wanamaker\wanambr01,PG,32,TOT,23,2,13.9,1.2,3.3,.364,0.2,0.7,.235,1.0,2.6,.400,.390,1.0,1.1,.920,0.3,1.4,1.7,2.4,0.3,0.3,1.0,2.0,3.6
551,Brad Wanamaker\wanambr01,PG,32,IND,22,1,13.3,1.2,3.3,.361,0.2,0.8,.235,1.0,2.5,.400,.389,0.9,1.0,.909,0.3,1.3,1.6,2.2,0.2,0.3,1.0,1.9,3.5
551,Brad Wanamaker\wanambr01,PG,32,WAS,1,1,27.0,2.0,5.0,.400,0.0,0.0,,2.0,5.0,.400,.400,3.0,3.0,1.000,0.0,4.0,4.0,7.0,2.0,0.0,0.0,3.0,7.0
552,Duane Washington Jr.\washidu02,PG,21,IND,10,6,21.1,3.1,8.8,.352,1.2,4.3,.279,1.9,4.5,.422,.420,1.3,1.7,.765,0.1,1.7,1.8,1.9,0.7,0.1,1.1,0.9,8.7
553,P.J. Washington\washipj01,PF,23,CHO,24,3,25.0,3.7,8.1,.456,2.0,4.6,.423,1.8,3.5,.500,.577,1.3,1.8,.698,1.3,4.2,5.5,2.4,0.8,1.1,1.4,2.5,10.6
554,Yuta Watanabe\watanyu01,SF,27,TOR,15,3,20.1,2.5,6.4,.396,1.3,3.5,.365,1.3,2.9,.432,.495,0.8,1.5,.545,0.9,3.2,4.1,1.0,0.5,0.5,0.8,1.6,7.1
555,Tremont Waters\watertr01,PG,24,TOT,3,0,16.7,1.3,4.7,.286,0.7,3.0,.222,0.7,1.7,.400,.357,0.0,0.0,,0.0,1.3,1.3,2.3,1.7,0.0,1.3,1.3,3.3
555,Tremont Waters\watertr01,PG,24,TOR,2,0,21.0,1.5,6.0,.250,1.0,4.5,.222,0.5,1.5,.333,.333,0.0,0.0,,0.0,2.0,2.0,3.5,2.0,0.0,2.0,1.0,4.0
555,Tremont Waters\watertr01,PG,24,WAS,1,0,8.0,1.0,2.0,.500,0.0,0.0,,1.0,2.0,.500,.500,0.0,0.0,,0.0,0.0,0.0,0.0,1.0,0.0,0.0,2.0,2.0
556,Trendon Watford\watfotr01,SF,21,POR,14,0,7.3,1.0,2.1,.467,0.0,0.0,,1.0,2.1,.467,.467,0.4,0.9,.500,0.6,1.6,2.2,0.6,0.1,0.4,0.4,0.6,2.4
557,Paul Watson\watsopa01,SF,27,OKC,9,3,17.3,1.3,3.9,.343,0.7,2.9,.231,0.7,1.0,.667,.429,0.1,0.2,.500,0.3,2.7,3.0,0.9,0.3,0.3,0.4,1.1,3.4
558,Quinndary Weatherspoon\weathqu01,SG,25,GSW,3,0,5.3,1.3,1.3,1.000,0.0,0.0,,1.3,1.3,1.000,1.000,0.0,0.0,,0.0,0.3,0.3,0.0,0.3,0.3,0.3,1.7,2.7
559,Russell Westbrook\westbru01,PG,33,LAL,41,41,35.4,7.2,16.2,.444,1.0,3.4,.298,6.2,12.8,.483,.475,3.5,5.4,.653,1.4,6.7,8.1,8.2,1.1,0.3,4.5,3.1,19.0
560,Coby White\whiteco01,PG,21,CHI,20,6,24.8,4.1,9.1,.453,1.8,4.8,.379,2.3,4.3,.535,.552,1.5,1.9,.789,0.2,2.4,2.6,2.4,0.4,0.3,1.2,2.2,11.5
561,Derrick White\whitede01,SG,27,SAS,37,37,30.5,5.0,11.9,.423,1.5,5.2,.294,3.5,6.6,.524,.488,2.9,3.3,.869,0.5,3.0,3.5,5.5,1.2,0.9,1.6,2.2,14.5
562,Hassan Whiteside\whiteha01,C,32,UTA,36,3,16.4,3.3,5.2,.626,0.0,0.0,,3.3,5.2,.626,.626,1.7,2.5,.685,2.3,4.6,6.8,0.3,0.3,1.3,0.9,2.9,8.2
563,Joe Wieskamp\wieskjo01,SG,22,SAS,11,0,5.9,1.0,1.9,.524,0.6,1.4,.467,0.4,0.5,.667,.690,0.3,0.6,.429,0.2,0.3,0.5,0.3,0.2,0.2,0.0,0.5,2.9
564,Aaron Wiggins\wiggiaa01,SG,23,OKC,22,12,20.9,2.7,5.4,.496,0.8,2.5,.315,1.9,3.0,.646,.567,1.0,1.4,.710,0.7,2.5,3.1,1.1,0.7,0.2,0.8,1.9,7.1
565,Andrew Wiggins\wiggian01,SF,26,GSW,36,36,31.6,6.9,14.3,.484,2.2,5.3,.421,4.7,9.0,.522,.562,2.6,3.7,.705,1.1,3.3,4.4,1.9,0.9,0.6,1.7,1.8,18.6
566,Brandon Williams\willibr03,PG,22,POR,2,0,6.0,1.0,1.5,.667,0.0,0.0,,1.0,1.5,.667,.667,2.0,3.5,.571,0.0,1.0,1.0,1.0,0.0,0.0,0.0,0.0,4.0
567,Grant Williams\willigr01,PF,23,BOS,36,11,22.9,2.4,5.1,.478,1.4,3.4,.419,1.0,1.6,.603,.621,1.0,1.1,.897,0.8,2.5,3.3,1.0,0.5,0.6,0.8,2.0,7.3
568,Kenrich Williams\willike04,SF,27,OKC,36,0,20.6,2.8,6.0,.465,0.8,2.1,.382,2.0,3.9,.511,.532,0.6,1.1,.538,1.4,2.6,4.0,1.9,1.0,0.1,0.8,1.7,7.0
569,Lou Williams\willilo02,PG,35,ATL,27,0,14.4,2.3,6.4,.366,0.6,2.1,.304,1.7,4.3,.397,.416,1.2,1.4,.846,0.3,1.3,1.6,1.5,0.6,0.1,0.9,1.0,6.5
570,Patrick Williams\willipa01,PF,20,CHI,5,5,25.0,2.6,4.6,.565,0.6,1.2,.500,2.0,3.4,.588,.630,0.8,0.8,1.000,0.2,2.0,2.2,0.6,0.6,0.4,0.4,1.8,6.6
571,Robert Williams\williro04,C,24,BOS,32,32,29.3,4.4,5.9,.750,0.0,0.0,,4.4,5.9,.750,.750,1.1,1.7,.667,3.8,5.1,9.0,1.7,0.9,2.2,1.2,2.0,9.9
572,Ziaire Williams\willizi02,SF,20,MEM,24,3,19.0,2.4,5.9,.404,1.0,3.5,.294,1.3,2.3,.571,.493,0.3,0.4,.800,0.3,1.2,1.4,0.8,0.5,0.3,0.6,1.8,6.1
573,D.J. Wilson\wilsodj01,PF,25,TOR,3,1,16.0,2.7,3.7,.727,0.0,0.7,.000,2.7,3.0,.889,.727,2.7,3.3,.800,0.3,4.3,4.7,1.3,1.7,0.3,0.7,1.7,8.0
574,Dylan Windler\windldy01,SF,25,CLE,26,0,10.4,1.0,2.2,.431,0.6,1.5,.400,0.3,0.7,.500,.569,0.1,0.2,.750,0.5,1.5,2.0,0.9,0.3,0.1,0.4,1.1,2.7
575,Justise Winslow\winslju01,SF,25,LAC,31,1,11.4,1.6,3.6,.446,0.2,0.8,.208,1.5,2.8,.511,.469,0.3,0.6,.474,0.6,2.5,3.0,1.1,0.5,0.4,0.9,1.0,3.7
576,Cassius Winston\winstca01,PG,23,WAS,2,0,3.5,0.0,1.0,.000,0.0,1.0,.000,0.0,0.0,,.000,1.0,1.0,1.000,0.0,0.0,0.0,1.0,0.0,0.0,0.5,0.0,1.0
577,Christian Wood\woodch01,C,26,HOU,39,38,30.8,6.3,13.2,.477,1.6,4.7,.341,4.7,8.6,.551,.537,2.9,4.7,.612,1.8,8.2,10.0,2.1,0.7,0.9,1.7,2.3,17.1
578,Robert Woodard II\woodaro01,SF,22,SAC,8,0,1.9,0.1,0.5,.250,0.1,0.1,1.000,0.0,0.4,.000,.375,0.3,0.3,1.000,0.0,0.3,0.3,0.0,0.0,0.0,0.1,0.3,0.6
579,Delon Wright\wrighde01,SG,29,ATL,34,4,17.6,1.5,3.4,.436,0.5,1.2,.405,1.0,2.2,.453,.509,0.6,0.8,.846,0.8,2.1,2.9,2.5,0.8,0.2,0.7,0.6,4.1
580,McKinley Wright IV\wrighmc01,PG,23,MIN,1,0,4.0,1.0,1.0,1.000,1.0,1.0,1.000,0.0,0.0,,1.500,0.0,0.0,,0.0,0.0,0.0,0.0,0.0,0.0,1.0,0.0,3.0
581,Moses Wright\wrighmo01,PF,23,LAC,1,0,1.0,0.0,0.0,,0.0,0.0,,0.0,0.0,,,0.0,0.0,,0.0,0.0,0.0,1.0,0.0,0.0,0.0,0.0,0.0
582,Thaddeus Young\youngth01,PF,33,SAS,23,0,14.0,2.8,5.0,.570,0.0,0.1,.000,2.8,4.8,.586,.570,0.3,0.8,.444,1.5,2.0,3.4,2.4,0.9,0.3,1.0,1.4,6.0
583,Trae Young\youngtr01,PG,23,ATL,35,35,34.7,9.6,21.1,.455,2.7,7.3,.370,6.9,13.8,.501,.520,6.1,6.7,.898,0.8,3.3,4.0,9.6,0.9,0.1,4.1,1.7,28.0
584,Omer Yurtseven\yurtsom01,C,23,MIA,31,7,14.8,2.4,5.0,.468,0.0,0.2,.143,2.3,4.8,.483,.471,0.8,1.3,.634,1.8,4.5,6.4,1.0,0.5,0.5,0.9,1.7,5.6
585,Cody Zeller\zelleco01,C,29,POR,27,0,13.1,1.9,3.3,.567,0.0,0.1,.000,1.9,3.2,.593,.567,1.4,1.8,.776,1.9,2.8,4.6,0.8,0.3,0.2,0.7,2.1,5.2
586,Ivica Zubac\zubaciv01,C,24,LAC,38,38,24.5,3.5,5.3,.660,0.0,0.0,,3.5,5.3,.660,.660,2.3,3.1,.741,2.7,5.4,8.1,1.1,0.5,1.1,1.3,2.4,9.3