Rk,Player,Pos,Age,Tm,G,MP,PER,TS%,3PAr,FTr,ORB%,DRB%,TRB%,AST%,STL%,BLK%,TOV%,USG%,,OWS,DWS,WS,WS/48,,OBPM,DBPM,BPM,VORP
1,Precious Achiuwa\achiupr01,C,22,TOR,29,707,11.6,.445,.150,.218,9.6,24.5,16.7,8.1,1.3,2.4,10.8,17.3,,-0.1,0.8,0.7,.049,,-2.7,-0.8,-3.4,-0.3
2,Steven Adams\adamsst01,C,28,MEM,40,1026,17.3,.561,.000,.581,17.4,21.4,19.4,15.0,1.6,2.1,20.5,12.7,,2.0,1.2,3.2,.150,,1.0,0.2,1.2,0.8
3,Bam Adebayo\adebaba01,C,24,MIA,18,592,19.4,.577,.004,.461,9.3,25.3,17.3,15.9,1.7,1.1,15.3,25.8,,0.9,0.9,1.8,.148,,0.9,1.1,1.9,0.6
4,Santi Aldama\aldamsa01,PF,21,MEM,22,240,9.2,.423,.412,.224,9.5,16.7,13.0,7.3,0.4,2.3,7.9,17.6,,0.0,0.2,0.1,.028,,-4.3,-2.4,-6.7,-0.3
5,LaMarcus Aldridge\aldrila01,C,36,BRK,29,663,20.5,.613,.120,.178,7.2,18.4,13.0,5.7,0.8,4.2,7.4,22.2,,1.4,0.8,2.3,.164,,1.7,-0.5,1.2,0.5
6,Nickeil Alexander-Walker\alexani01,SG,23,NOP,38,1030,10.7,.468,.493,.128,3.3,10.9,7.0,15.8,1.6,1.1,10.5,24.9,,-0.8,0.5,-0.3,-0.013,,-1.5,-1.8,-3.3,-0.3
7,Grayson Allen\allengr01,SG,26,MIL,36,1023,12.6,.572,.710,.115,1.7,10.6,6.2,6.7,1.3,1.4,5.8,16.6,,1.3,0.9,2.3,.107,,0.4,-0.4,0.0,0.5
8,Jarrett Allen\allenja01,C,23,CLE,34,1110,24.5,.717,.024,.435,11.5,24.0,18.0,9.1,1.4,4.0,13.4,18.2,,3.8,2.2,5.9,.257,,3.3,1.8,5.1,2.0
9,Jose Alvarado\alvarjo01,PG,23,NOP,14,101,11.4,.414,.552,.379,4.2,5.5,4.8,22.0,3.9,0.9,5.6,15.2,,0.1,0.1,0.2,.075,,-2.2,2.2,0.0,0.1
10,Justin Anderson\anderju01,SF,28,TOT,6,77,8.5,.476,.789,.368,2.9,11.0,7.1,15.6,1.3,1.1,12.0,14.2,,0.0,0.1,0.1,.069,,-3.8,-0.3,-4.1,0.0
10,Justin Anderson\anderju01,SF,28,CLE,3,47,10.9,.666,.750,.500,0.0,13.3,6.9,17.2,1.1,0.0,17.0,11.0,,0.1,0.1,0.1,.140,,-2.9,0.4,-2.5,0.0
10,Justin Anderson\anderju01,SF,28,IND,3,30,4.7,.325,.818,.273,7.4,7.4,7.4,13.1,1.7,2.9,7.5,19.4,,-0.1,0.0,0.0,-0.043,,-5.2,-1.3,-6.5,0.0
11,Kyle Anderson\anderky01,PF,28,MEM,35,791,14.7,.508,.273,.212,4.2,20.9,12.4,16.1,2.4,2.4,11.5,16.9,,0.6,1.1,1.8,.108,,-0.5,1.3,0.8,0.5
12,Giannis Antetokounmpo\antetgi01,PF,27,MIL,34,1105,31.7,.616,.214,.569,6.2,30.3,18.5,34.4,1.6,4.4,12.7,34.8,,4.5,2.1,6.5,.284,,7.1,3.6,10.8,3.6
13,Thanasis Antetokounmpo\antetth01,SF,29,MIL,27,327,9.9,.491,.136,.296,9.8,14.8,12.3,8.0,1.9,1.8,15.7,14.2,,0.1,0.4,0.5,.075,,-4.8,0.6,-4.2,-0.2
14,Carmelo Anthony\anthoca01,PF,37,LAL,41,1108,14.4,.572,.573,.223,3.3,12.6,8.1,5.4,1.3,2.6,6.5,19.5,,1.4,1.0,2.4,.106,,0.4,-0.8,-0.3,0.5
15,Cole Anthony\anthoco01,PG,21,ORL,27,919,16.5,.535,.459,.253,1.6,17.5,9.5,29.4,1.3,0.6,12.7,27.1,,0.7,0.6,1.3,.067,,1.6,-0.8,0.8,0.7
16,OG Anunoby\anunoog01,SF,24,TOR,23,828,16.5,.553,.455,.198,4.0,11.7,7.6,10.2,2.2,1.1,8.2,22.5,,1.3,0.7,2.0,.119,,1.6,-0.4,1.2,0.7
17,Trevor Ariza\arizatr01,SF,36,LAL,7,116,10.6,.806,.929,.143,0.9,18.7,10.0,7.7,0.4,0.8,6.3,5.9,,0.2,0.1,0.3,.127,,0.1,-0.2,-0.1,0.1
18,D.J. Augustin\augusdj01,PG,34,HOU,31,464,10.2,.591,.705,.279,1.4,6.8,4.1,21.8,1.0,0.0,22.6,16.2,,0.3,-0.1,0.2,.021,,-1.2,-3.2,-4.3,-0.3
19,Deni Avdija\avdijde01,SF,21,WAS,41,942,11.4,.531,.462,.243,3.4,19.3,11.6,9.0,1.7,2.6,11.8,14.8,,0.3,1.0,1.3,.068,,-2.2,1.0,-1.2,0.2
20,Joel Ayayi\ayayijo01,SG,21,WAS,7,20,3.7,.167,.167,.000,5.6,10.7,8.2,25.6,0.0,0.0,0.0,13.3,,0.0,0.0,0.0,-0.092,,-4.0,-1.8,-5.8,0.0
21,Deandre Ayton\aytonde01,C,23,PHO,26,799,22.0,.650,.023,.259,10.0,26.9,18.7,7.8,1.1,2.4,11.6,20.5,,2.0,1.5,3.6,.214,,2.4,0.9,3.3,1.1
22,Udoka Azubuike\azubuud01,C,22,UTA,6,40,10.9,.765,.000,.400,5.7,15.5,10.8,0.0,1.2,4.2,25.4,8.5,,0.0,0.1,0.1,.097,,-2.7,0.7,-2.0,0.0
23,Marvin Bagley III\baglema01,PF,22,SAC,23,481,13.3,.488,.291,.233,12.2,23.3,17.7,4.3,0.7,1.0,7.8,18.3,,0.3,0.3,0.6,.063,,-1.1,-2.5,-3.7,-0.2
24,LaMelo Ball\ballla01,PG,20,CHO,35,1114,20.7,.542,.439,.175,5.2,19.4,12.1,36.2,2.5,1.3,14.6,27.9,,1.9,0.9,2.8,.121,,3.7,0.3,4.0,1.7
25,Lonzo Ball\balllo01,PG,24,CHI,33,1157,14.9,.573,.674,.068,3.1,14.1,8.6,19.9,2.6,2.3,16.8,17.1,,1.1,1.7,2.7,.113,,1.1,1.7,2.9,1.4
26,Mo Bamba\bambamo01,C,23,ORL,32,899,15.5,.535,.427,.104,8.5,23.6,16.0,8.7,1.4,6.7,12.5,16.6,,0.5,1.2,1.7,.089,,-0.9,1.2,0.3,0.5
27,Desmond Bane\banede01,SF,23,MEM,42,1256,17.0,.589,.489,.095,1.7,14.3,7.9,12.4,1.7,1.5,9.2,22.8,,2.2,1.2,3.5,.133,,2.5,-0.3,2.2,1.3
28,Dalano Banton\bantoda01,SF,22,TOR,32,380,9.8,.474,.222,.205,5.1,14.1,9.4,20.5,1.6,1.3,20.6,18.0,,-0.2,0.3,0.1,.017,,-3.3,-0.6,-3.9,-0.2
29,Cat Barber\barbeca01,PG,27,ATL,3,13,-11.3,.000,.000,1.000,8.4,16.5,12.5,27.2,0.0,0.0,14.8,22.7,,-0.1,0.0,-0.1,-0.460,,-15.5,-8.0,-23.5,-0.1
30,Harrison Barnes\barneha02,PF,29,SAC,38,1264,15.8,.605,.442,.444,3.8,15.8,9.8,10.2,1.1,0.5,11.4,19.3,,2.4,0.5,2.9,.110,,2.0,-1.0,0.9,0.9
31,Scottie Barnes\barnesc01,PF,20,TOR,32,1137,16.2,.543,.190,.251,8.3,16.4,12.1,14.7,1.4,2.5,12.5,18.6,,1.7,1.0,2.7,.114,,0.6,0.0,0.6,0.7
32,RJ Barrett\barrerj01,SF,21,NYK,34,1074,12.8,.511,.383,.277,2.5,16.2,9.3,12.7,0.8,1.0,10.2,24.8,,0.1,0.8,0.9,.041,,-0.6,-1.4,-2.1,0.0
33,Will Barton\bartowi01,SG,31,DEN,34,1116,13.9,.527,.472,.112,2.2,14.3,8.3,19.8,1.3,1.3,11.6,22.0,,0.4,1.1,1.5,.065,,0.6,-0.4,0.2,0.6
34,Paris Bass\basspa01,SF,26,PHO,2,7,14.7,.436,.333,.333,30.9,29.2,30.0,0.0,6.9,0.0,22.5,54.6,,0.0,0.0,0.0,-0.147,,-11.1,-1.3,-12.4,0.0
35,Charles Bassey\bassech01,PF,21,PHI,18,143,21.9,.686,.083,.306,14.1,27.4,20.8,6.5,1.4,9.6,14.6,15.1,,0.4,0.3,0.7,.233,,-0.2,2.4,2.2,0.2
36,Keita Bates-Diop\bateske01,SF,26,SAS,32,539,12.0,.573,.199,.265,6.5,19.1,12.7,4.9,1.4,1.7,15.1,14.0,,0.3,0.6,0.8,.076,,-2.5,-0.4,-2.9,-0.1
37,Nicolas Batum\batumni01,PF,33,LAC,23,587,13.1,.627,.783,.084,1.7,17.0,9.5,8.9,2.0,2.5,11.9,12.6,,0.6,0.9,1.5,.125,,0.1,2.5,2.6,0.7
38,Kent Bazemore\bazemke01,SF,32,LAL,24,407,6.4,.440,.535,.129,2.1,10.1,6.2,6.7,2.3,1.3,7.0,12.1,,-0.2,0.4,0.3,.032,,-4.8,1.3,-3.6,-0.1
39,Darius Bazley\bazleda01,PF,21,OKC,35,928,11.1,.474,.403,.238,4.3,20.3,12.1,6.9,1.4,4.6,13.2,17.7,,-0.9,1.2,0.4,.019,,-3.1,0.5,-2.6,-0.1
40,Bradley Beal\bealbr01,SG,28,WAS,34,1224,18.7,.542,.277,.249,3.0,11.0,7.1,30.7,1.2,0.8,13.1,31.5,,1.1,0.6,1.8,.070,,2.5,-1.4,1.1,1.0
41,Malik Beasley\beaslma01,SG,25,MIN,41,1115,10.6,.508,.728,.055,1.4,11.5,6.2,9.0,1.1,0.4,6.1,20.1,,0.4,0.8,1.2,.051,,-0.3,-1.4,-1.8,0.1
42,Jordan Bell\belljo01,C,27,CHI,1,2,29.8,,,,55.2,0.0,27.5,0.0,24.3,0.0,,0.0,,0.0,0.0,0.0,.623,,-7.7,10.6,2.8,0.0
43,DeAndre' Bembry\bembrde01,SF,27,BRK,35,694,12.9,.631,.172,.172,3.8,12.8,8.5,8.6,2.5,2.4,12.4,11.6,,0.9,1.0,1.8,.127,,-1.8,1.8,0.0,0.4
44,Dāvis Bertāns\bertada01,PF,29,WAS,28,442,10.4,.554,.839,.187,1.5,12.1,6.9,4.8,1.2,0.9,7.2,18.2,,0.3,0.3,0.6,.060,,-1.1,-1.3,-2.4,0.0
45,Patrick Beverley\beverpa01,PG,33,MIN,28,742,15.8,.539,.509,.234,4.6,13.7,9.0,27.3,2.0,3.4,12.7,15.5,,1.4,0.9,2.3,.152,,1.1,2.2,3.3,1.0
46,Saddiq Bey\beysa01,SF,22,DET,40,1352,12.4,.503,.512,.206,4.3,16.3,10.0,12.3,1.3,0.5,9.0,21.0,,0.3,0.8,1.1,.040,,-0.5,-1.4,-1.9,0.0
47,Khem Birch\birchkh01,C,29,TOR,22,479,15.2,.552,.078,.412,12.9,13.8,13.3,8.0,2.0,2.3,11.7,12.1,,0.9,0.5,1.3,.135,,-0.3,0.2,-0.1,0.2
48,Goga Bitadze\bitadgo01,C,22,IND,21,170,10.3,.396,.475,.305,13.7,16.3,15.0,2.5,2.9,5.6,10.7,19.2,,-0.2,0.3,0.1,.023,,-6.3,-0.1,-6.4,-0.2
49,Bismack Biyombo\biyombi01,C,29,PHO,4,65,24.7,.692,.000,.500,13.3,18.9,16.2,8.7,2.2,9.4,9.3,14.3,,0.2,0.2,0.4,.289,,1.3,3.8,5.1,0.1
50,Nemanja Bjelica\bjeline01,C,33,GSW,40,599,14.8,.567,.488,.227,6.3,21.2,14.0,14.8,1.9,2.1,15.6,20.0,,0.4,1.2,1.7,.135,,-0.6,1.7,1.2,0.5
51,Eric Bledsoe\bledser01,PG,32,LAC,42,1119,12.8,.517,.340,.239,2.1,11.7,7.0,23.5,2.5,1.2,18.4,20.0,,-0.2,1.6,1.4,.060,,-2.0,1.3,-0.7,0.4
52,Keljin Blevins\blevike01,SF,26,POR,3,14,8.4,.750,.750,.000,0.0,8.0,3.9,10.7,0.0,0.0,33.3,18.7,,0.0,0.0,0.0,-0.052,,1.2,-4.2,-2.9,0.0
53,Bogdan Bogdanović\bogdabo01,SG,29,ATL,26,749,12.2,.536,.564,.111,1.2,12.8,7.0,12.5,1.2,0.6,7.8,18.6,,0.6,0.2,0.8,.054,,-0.3,-0.9,-1.2,0.1
54,Bojan Bogdanović\bogdabo02,PF,32,UTA,40,1219,17.1,.631,.501,.288,2.9,11.5,7.4,8.0,0.8,0.1,10.7,22.8,,2.9,0.8,3.7,.146,,2.6,-1.5,1.2,1.0
55,Bol Bol\bolbo01,PF,22,DEN,14,81,14.2,.565,.148,.185,5.5,21.5,13.7,9.6,0.6,2.3,12.0,18.2,,0.0,0.1,0.1,.076,,-0.5,-0.6,-1.1,0.0
56,Leandro Bolmaro\bolmale01,SF,21,MIN,23,184,3.8,.389,.375,.281,8.3,12.0,10.1,7.7,1.3,0.0,25.0,10.9,,-0.2,0.1,-0.1,-0.013,,-6.1,-0.8,-6.8,-0.2
57,Isaac Bonga\bongais01,SF,22,TOR,12,63,8.0,.352,.308,.462,6.5,5.4,6.0,6.1,5.5,3.1,11.3,11.9,,-0.1,0.1,0.1,.039,,-5.7,3.9,-1.8,0.0
58,Devin Booker\bookede01,SG,25,PHO,33,1084,18.9,.553,.337,.246,2.8,14.1,8.6,21.6,1.4,0.8,11.2,31.2,,1.3,1.5,2.9,.127,,2.5,-0.1,2.4,1.2
59,Brandon Boston Jr.\bostobr01,SG,20,LAC,25,395,10.0,.463,.354,.244,1.9,12.2,7.2,7.3,2.0,1.3,9.0,22.2,,-0.4,0.5,0.1,.009,,-3.7,-0.3,-4.0,-0.2
60,Chris Boucher\bouchch01,PF,29,TOR,36,657,18.1,.533,.404,.336,11.4,21.9,16.4,3.0,1.7,5.3,8.3,20.3,,1.0,0.9,1.9,.139,,0.1,-0.9,-0.8,0.2
61,James Bouknight\bouknja01,SG,21,CHO,18,147,10.5,.455,.418,.149,9.7,9.6,9.7,13.1,0.3,0.0,7.8,22.3,,0.0,0.0,0.0,.004,,-1.7,-5.6,-7.3,-0.2
62,Avery Bradley\bradlav01,SG,31,LAL,33,784,9.0,.553,.574,.035,2.3,8.8,5.6,4.5,1.9,0.9,7.2,12.1,,0.4,0.6,1.1,.066,,-2.8,0.3,-2.5,-0.1
63,Tony Bradley\bradlto01,C,24,CHI,26,323,15.8,.604,.000,.141,13.7,26.0,19.9,6.0,0.8,4.6,17.0,13.6,,0.5,0.5,1.0,.147,,-1.1,0.4,-0.8,0.1
64,Ignas Brazdeikis\brazdig01,SF,23,ORL,16,144,4.1,.370,.524,.143,5.1,11.2,8.1,8.1,1.4,0.6,10.1,14.9,,-0.2,0.1,-0.2,-0.051,,-6.1,-1.5,-7.6,-0.2
65,Mikal Bridges\bridgmi01,SF,25,PHO,40,1366,13.1,.613,.389,.123,3.0,8.9,6.0,7.1,1.8,1.2,7.6,13.8,,2.1,1.8,3.9,.138,,-0.1,1.4,1.3,1.2
66,Miles Bridges\bridgmi02,PF,23,CHO,39,1400,17.6,.568,.381,.250,3.8,18.0,10.7,15.0,1.5,2.2,9.3,22.3,,2.3,0.8,3.1,.106,,1.4,-0.7,0.7,1.0
67,Oshae Brissett\brissos01,SF,23,IND,30,550,12.1,.540,.463,.175,7.9,15.1,11.5,6.0,1.4,1.6,10.4,15.3,,0.4,0.5,0.9,.081,,-0.6,-0.6,-1.2,0.1
68,Malcolm Brogdon\brogdma01,PG,29,IND,26,891,18.8,.559,.379,.300,3.0,14.3,8.7,28.0,1.3,1.1,11.6,24.4,,1.9,0.7,2.5,.137,,3.0,0.0,3.0,1.1
69,Armoni Brooks\brookar01,SG,23,HOU,33,599,10.3,.518,.842,.081,1.6,10.1,5.9,11.8,1.6,1.1,7.7,17.6,,0.3,0.1,0.4,.031,,-1.4,-1.9,-3.3,-0.2
70,Dillon Brooks\brookdi01,SF,26,MEM,21,587,16.1,.521,.297,.212,3.0,9.6,6.2,15.4,2.2,0.6,9.1,29.0,,0.5,0.5,1.1,.089,,-0.4,-0.7,-1.1,0.1
71,Bruce Brown\brownbr01,SF,25,BRK,30,675,12.4,.535,.163,.130,6.4,14.5,10.6,7.8,2.6,1.9,9.7,13.8,,0.5,1.0,1.5,.107,,-2.6,1.6,-1.0,0.2
72,Charlie Brown Jr.\brownch02,SG,24,TOT,5,50,6.5,.265,.600,.300,2.2,15.3,8.8,5.2,6.0,3.7,15.0,12.0,,-0.1,0.1,0.0,-0.017,,-7.3,4.8,-2.5,0.0
72,Charlie Brown Jr.\brownch02,SG,24,DAL,3,15,5.1,.200,.600,.000,0.0,7.4,3.7,9.0,6.7,6.1,0.0,14.9,,-0.1,0.0,0.0,-0.046,,-7.3,5.2,-2.1,0.0
72,Charlie Brown Jr.\brownch02,SG,24,PHI,2,35,7.1,.316,.600,.600,3.2,18.6,11.0,3.6,5.7,2.6,24.0,10.7,,-0.1,0.1,0.0,-0.005,,-7.2,4.6,-2.6,0.0
73,Chaundee Brown Jr.\brownch05,SG-SF,23,TOT,5,104,6.8,.447,.563,.188,1.0,15.4,8.3,5.2,0.9,0.0,2.8,14.9,,0.0,0.0,0.0,.005,,-3.9,-2.7,-6.6,-0.1
73,Chaundee Brown Jr.\brownch05,SF,23,LAL,2,21,-8.7,.143,.429,.000,0.0,9.8,5.0,0.0,0.0,0.0,12.5,16.3,,-0.1,0.0,-0.1,-0.297,,-11.1,-5.2,-16.3,-0.1
73,Chaundee Brown Jr.\brownch05,SG,23,ATL,3,83,10.7,.525,.600,.240,1.3,16.8,9.1,6.5,1.2,0.0,0.0,14.5,,0.1,0.0,0.1,.081,,-2.1,-2.1,-4.2,0.0
74,Greg Brown III\browngr01,SF,20,POR,15,73,8.2,.377,.185,.407,10.4,20.0,15.1,10.2,1.3,5.2,13.6,22.0,,-0.2,0.1,-0.1,-0.074,,-6.3,-1.4,-7.8,-0.1
75,Jaylen Brown\brownja02,SF,25,BOS,27,939,18.7,.565,.393,.256,2.7,17.9,10.2,15.9,1.6,1.4,12.6,30.9,,0.7,1.2,1.9,.097,,2.7,0.0,2.7,1.0
76,Moses Brown\brownmo01,C,22,DAL,24,162,16.1,.605,.000,.896,10.0,29.0,19.3,0.0,0.9,4.5,17.3,22.4,,0.1,0.3,0.4,.122,,-4.4,-0.4,-4.8,-0.1
77,Sterling Brown\brownst02,SG,26,DAL,32,481,10.1,.535,.627,.085,4.7,22.5,13.5,8.5,1.3,1.0,14.0,13.3,,0.1,0.7,0.8,.081,,-2.1,0.5,-1.6,0.0
78,Troy Brown Jr.\browntr01,SF,22,CHI,27,396,12.2,.504,.425,.151,3.9,17.1,10.5,11.4,2.3,0.4,6.6,13.4,,0.3,0.5,0.9,.103,,-1.3,1.1,-0.2,0.2
79,Jalen Brunson\brunsja01,PG,25,DAL,39,1199,18.3,.569,.244,.218,2.1,11.2,6.5,30.2,1.4,0.2,10.6,22.9,,2.6,1.2,3.8,.151,,1.7,0.1,1.8,1.1
80,Shaq Buchanan\buchash01,PG,25,MEM,2,10,0.8,.250,.500,.000,10.4,10.8,10.6,25.8,4.8,0.0,33.3,25.0,,-0.1,0.0,0.0,-0.237,,-10.7,-0.3,-11.0,0.0
81,Reggie Bullock\bullore01,SF,30,DAL,33,801,7.2,.511,.744,.084,0.9,12.3,6.5,6.5,0.9,0.6,7.9,12.8,,0.0,0.8,0.8,.048,,-2.9,-0.1,-3.0,-0.2
82,Trey Burke\burketr01,PG,29,DAL,19,258,14.9,.524,.383,.133,0.8,8.7,4.7,25.9,1.6,0.0,10.6,26.3,,0.2,0.3,0.4,.077,,-0.2,-0.9,-1.1,0.1
83,Alec Burks\burksal01,SG,30,NYK,40,1102,14.8,.552,.508,.339,2.0,14.6,8.3,13.4,2.4,1.0,8.0,18.7,,1.7,1.3,2.9,.128,,-0.1,1.0,0.9,0.8
84,Jared Butler\butleja02,SG,21,UTA,20,113,6.7,.465,.577,.173,1.0,12.8,7.2,17.6,1.7,4.5,22.2,27.4,,-0.3,0.2,-0.2,-0.065,,-5.9,0.4,-5.5,-0.1
85,Jimmy Butler\butleji01,SF,32,MIA,23,777,27.0,.603,.122,.517,6.2,13.2,9.7,27.3,2.9,1.3,9.2,27.7,,3.2,1.2,4.4,.272,,6.3,2.6,8.9,2.1
86,Devontae Cacok\cacokde01,PF,25,SAS,6,54,26.1,.684,.000,.000,9.5,29.2,19.2,5.7,3.6,7.9,5.0,15.6,,0.2,0.1,0.3,.259,,2.1,4.4,6.5,0.1
87,Kentavious Caldwell-Pope\caldwke01,SG,28,WAS,38,1130,11.7,.555,.553,.136,1.9,11.0,6.6,8.3,1.9,1.3,11.1,17.6,,0.4,0.8,1.3,.053,,-1.1,0.1,-1.0,0.3
88,Facundo Campazzo\campafa01,PG,30,DEN,38,838,12.5,.528,.635,.256,1.9,9.1,5.5,24.9,2.5,2.1,16.7,15.0,,0.7,1.0,1.8,.101,,-1.5,1.2,-0.3,0.4
89,Vlatko Čančar\cancavl01,PF,24,DEN,14,152,14.4,.678,.308,.308,4.4,12.2,8.4,12.5,0.7,1.8,15.3,15.3,,0.3,0.1,0.4,.132,,-0.2,-0.7,-0.9,0.0
90,Clint Capela\capelca01,C,27,ATL,36,1068,21.6,.564,.003,.290,15.4,32.2,23.8,7.2,1.3,4.6,5.3,16.2,,2.8,1.3,4.1,.184,,1.9,-0.5,1.4,0.9
91,Vernon Carey Jr.\careyve01,C,20,CHO,2,12,18.9,.543,.000,.167,17.0,9.1,13.2,0.0,4.0,0.0,13.4,26.2,,0.0,0.0,0.0,.063,,-3.4,-6.0,-9.4,0.0
92,Jevon Carter\carteje01,PG,26,BRK,31,359,5.4,.407,.778,.040,1.9,11.6,6.9,10.8,1.5,2.0,12.2,13.8,,-0.4,0.4,0.0,-0.004,,-4.5,0.0,-4.5,-0.2
93,Wendell Carter Jr.\cartewe01,C,22,ORL,37,1086,17.7,.580,.372,.270,7.8,29.6,18.6,15.2,1.2,2.0,12.5,19.1,,1.7,1.2,2.9,.127,,1.0,0.4,1.4,0.9
94,Alex Caruso\carusal01,SG,27,CHI,26,729,14.4,.585,.472,.325,3.8,10.8,7.3,18.5,3.5,1.1,17.3,13.6,,1.0,1.1,2.1,.139,,-0.9,2.9,2.0,0.7
95,Willie Cauley-Stein\caulewi01,C,28,DAL,18,177,8.6,.474,.057,.057,7.9,15.8,11.8,7.1,1.7,1.6,16.3,10.8,,0.0,0.2,0.2,.064,,-3.8,0.7,-3.1,0.0
96,Ahmad Caver\caverah01,PG,25,IND,1,1,79.9,1.000,.000,.000,0.0,0.0,0.0,0.0,0.0,0.0,0.0,43.6,,0.0,0.0,0.0,1.292,,30.8,6.3,37.1,0.0
97,Justin Champagnie\champju01,SF,20,TOR,21,162,18.3,.608,.319,.191,17.1,9.9,13.7,3.6,1.2,1.8,3.8,13.9,,0.6,0.1,0.7,.196,,1.1,-2.1,-1.1,0.0
98,Chris Chiozza\chiozch01,PG,26,GSW,19,211,4.5,.389,.627,.020,4.3,8.0,6.2,20.4,1.8,0.0,24.8,14.1,,-0.3,0.3,0.0,.009,,-5.7,-0.1,-5.7,-0.2
99,Marquese Chriss\chrisma01,PF,24,DAL,10,119,15.2,.629,.222,.178,8.2,30.0,18.9,2.8,0.8,3.1,15.6,21.6,,0.1,0.2,0.3,.117,,-3.9,0.4,-3.5,0.0
100,Josh Christopher\chrisjo01,SG,20,HOU,34,544,12.8,.560,.387,.258,4.4,9.0,6.7,17.1,2.5,0.5,19.4,20.9,,0.1,0.2,0.2,.020,,-1.5,-1.9,-3.4,-0.2
101,Gary Clark\clarkga01,PF,27,NOP,10,117,15.3,.720,.885,.154,5.4,19.0,12.1,5.0,1.3,1.6,9.8,11.3,,0.2,0.1,0.3,.130,,2.9,-0.7,2.2,0.1
102,Brandon Clarke\clarkbr01,PF,25,MEM,29,511,24.7,.662,.082,.283,11.2,20.1,15.6,12.2,0.9,5.4,6.8,18.1,,2.0,0.7,2.6,.246,,3.6,0.4,4.0,0.8
103,Jordan Clarkson\clarkjo01,SG,29,UTA,40,1030,14.1,.514,.583,.131,3.2,10.9,7.3,13.5,1.4,0.7,9.7,27.2,,0.5,0.9,1.4,.066,,0.2,-1.5,-1.3,0.2
104,Nic Claxton\claxtni01,C,22,BRK,20,443,18.2,.661,.000,.320,9.5,16.3,13.1,6.4,1.2,4.6,9.7,15.1,,1.1,0.6,1.7,.182,,0.0,0.1,0.1,0.2
105,Amir Coffey\coffeam01,SG,24,LAC,29,534,13.2,.625,.624,.360,2.0,13.5,7.9,10.4,1.1,1.0,6.5,12.7,,1.1,0.6,1.7,.151,,0.2,1.0,1.2,0.4
106,John Collins\collijo01,PF,24,ATL,34,1109,20.5,.632,.250,.318,6.3,19.9,13.1,9.3,1.0,3.2,7.5,20.0,,3.3,0.7,4.0,.174,,2.5,-0.1,2.4,1.2
107,Darren Collison\collida01,PG,34,LAL,3,37,-0.2,.286,.429,.000,0.0,11.1,5.7,6.8,1.3,0.0,12.5,9.2,,-0.1,0.0,0.0,-0.060,,-9.9,-1.0,-10.9,-0.1
108,Mike Conley\conlemi01,PG,34,UTA,36,1025,18.7,.601,.530,.183,2.3,8.9,5.8,27.8,1.9,0.8,12.0,20.0,,3.1,1.0,4.1,.190,,3.6,0.3,3.9,1.5
109,Pat Connaughton\connapa01,SG,29,MIL,40,1125,14.1,.625,.719,.100,2.7,14.2,8.6,6.9,1.7,1.2,7.5,14.2,,2.0,1.2,3.2,.137,,1.0,0.4,1.4,1.0
110,Tyler Cook\cookty01,PF,24,CHI,9,94,17.0,.740,.000,.800,7.1,17.4,12.3,4.4,1.6,0.9,12.9,14.5,,0.3,0.1,0.4,.211,,-1.7,-0.7,-2.4,0.0
111,Sharife Cooper\coopesh01,PG,20,ATL,9,33,-5.0,.269,.385,.000,0.0,16.3,8.2,20.0,0.0,0.0,27.8,23.8,,-0.2,0.0,-0.2,-0.319,,-11.5,-5.8,-17.3,-0.1
112,Petr Cornelie\cornepe01,PF,26,DEN,13,38,10.2,.418,.533,.267,20.7,20.1,20.4,11.3,1.3,2.4,19.3,24.3,,-0.1,0.0,0.0,-0.009,,-6.0,-2.9,-8.9,-0.1
113,DeMarcus Cousins\couside01,C,31,MIL,17,287,19.8,.572,.407,.322,8.9,26.6,17.9,9.6,2.7,2.8,10.6,22.5,,0.5,0.6,1.1,.184,,-0.1,0.9,0.8,0.2
114,Robert Covington\covinro01,PF,31,POR,37,1042,10.6,.550,.720,.058,2.7,17.8,10.1,5.8,2.4,4.3,13.8,12.1,,0.2,0.9,1.1,.052,,-1.9,1.3,-0.7,0.4
115,Torrey Craig\craigto01,SF,31,IND,36,601,13.5,.597,.460,.178,7.9,14.9,11.4,8.9,1.2,1.4,12.0,14.5,,1.0,0.5,1.4,.116,,-0.3,0.0,-0.2,0.3
116,Jae Crowder\crowdja01,PF,31,PHO,34,961,10.4,.543,.676,.153,1.4,15.5,8.6,6.6,2.1,1.5,9.8,14.6,,0.3,1.6,1.9,.097,,-1.5,1.9,0.4,0.6
117,Jarrett Culver\culveja01,SG,22,MEM,17,180,13.2,.479,.319,.203,2.9,14.4,8.5,14.9,2.4,1.0,5.1,18.3,,0.1,0.2,0.3,.092,,-2.8,0.3,-2.4,0.0
118,Jarron Cumberland\cumbeja01,SG,24,POR,3,12,8.7,.500,.500,.000,9.0,18.7,13.8,11.5,0.0,0.0,0.0,7.3,,0.0,0.0,0.0,.087,,-3.8,-2.3,-6.1,0.0
119,Cade Cunningham\cunnica01,PG,20,DET,31,1003,11.7,.490,.466,.142,2.8,17.1,9.5,28.4,2.0,1.7,19.5,25.8,,-1.5,0.9,-0.5,-0.026,,-1.8,-0.5,-2.4,-0.1
120,Seth Curry\curryse01,SG,31,PHI,35,1217,15.6,.634,.452,.169,1.4,9.0,5.3,17.5,1.1,0.4,12.4,19.1,,2.3,0.7,3.0,.120,,0.8,-1.2,-0.4,0.5
121,Stephen Curry\curryst01,PG,33,GSW,37,1290,22.1,.590,.636,.239,2.1,14.5,8.5,30.0,2.0,1.4,13.1,32.6,,2.8,2.3,5.1,.190,,6.1,0.8,7.0,2.9
122,Anthony Davis\davisan02,C,28,LAL,27,955,23.3,.569,.116,.334,8.4,20.8,14.7,13.6,1.6,5.2,9.8,27.4,,1.7,1.4,3.1,.158,,2.3,0.6,2.9,1.2
123,Ed Davis\davised01,C,32,CLE,12,112,10.4,.649,.000,.500,5.0,29.7,17.8,1.2,1.3,5.5,17.0,6.9,,0.0,0.3,0.3,.131,,-4.2,3.4,-0.8,0.0
124,Terence Davis\daviste02,SG,24,SAC,24,399,12.2,.509,.553,.142,2.1,17.1,9.6,10.3,2.1,1.9,11.8,25.4,,-0.3,0.3,0.1,.011,,-2.1,-0.4,-2.4,0.0
125,Gabriel Deck\deckga01,PF,26,OKC,7,56,12.0,.643,.286,.000,1.8,9.3,5.4,14.3,0.9,0.0,12.5,12.4,,0.1,0.0,0.1,.090,,-1.2,-1.6,-2.8,0.0
126,Dewayne Dedmon\dedmode01,C,32,MIA,33,568,16.9,.644,.137,.301,11.8,27.7,19.8,7.6,1.1,2.9,15.8,15.3,,1.2,0.9,2.1,.176,,-0.3,0.6,0.2,0.3
127,Sam Dekker\dekkesa01,PF,27,TOR,1,1,0.0,,,,0.0,0.0,0.0,0.0,0.0,0.0,,0.0,,0.0,0.0,0.0,-0.011,,-5.5,-3.8,-9.3,0.0
128,Javin DeLaurier\delauja01,C,23,MIL,1,3,15.8,,,,0.0,34.4,17.5,0.0,16.1,0.0,,0.0,,0.0,0.0,0.0,.274,,-4.7,11.8,7.2,0.0
129,DeMar DeRozan\derozde01,PF,32,CHI,35,1220,23.1,.580,.106,.401,2.4,13.9,8.2,23.1,1.2,0.9,8.7,31.1,,3.5,1.1,4.6,.181,,3.2,-0.8,2.4,1.4
130,Cheick Diallo\diallch01,C,25,DET,3,31,12.6,.517,.000,.750,13.1,29.5,20.8,0.0,1.6,0.0,8.6,16.0,,0.0,0.0,0.1,.111,,-4.3,-3.5,-7.7,0.0
131,Hamidou Diallo\diallha01,SG,23,DET,33,722,16.1,.557,.181,.245,4.6,18.4,11.1,11.2,2.9,1.6,10.6,20.7,,0.5,0.9,1.3,.088,,-1.2,1.1,-0.1,0.3
132,Gorgui Dieng\dienggo01,C,32,ATL,28,275,16.8,.598,.526,.276,10.3,26.2,18.3,13.1,1.4,3.3,15.8,16.1,,0.5,0.3,0.8,.139,,0.5,0.7,1.2,0.2
133,Spencer Dinwiddie\dinwisp01,PG,28,WAS,32,969,14.8,.519,.445,.295,3.0,14.0,8.6,28.0,0.9,0.4,11.2,21.3,,1.3,0.5,1.8,.088,,0.5,-0.9,-0.4,0.4
134,Donte DiVincenzo\divindo01,SG,25,MIL,4,66,5.3,.391,.680,.520,11.3,21.9,16.7,3.9,0.7,0.0,16.3,23.8,,-0.2,0.1,-0.1,-0.060,,-6.2,-4.3,-10.5,-0.1
135,Luka Dončić\doncilu01,PG,22,DAL,25,870,21.4,.534,.387,.269,2.1,24.3,13.0,47.1,1.7,1.2,16.6,35.9,,0.4,1.4,1.8,.098,,4.2,1.2,5.4,1.6
136,Luguentz Dort\dortlu01,SF,22,OKC,36,1166,12.2,.527,.547,.239,2.0,11.0,6.4,8.8,1.4,1.1,9.2,22.7,,0.2,0.9,1.1,.046,,-1.9,-0.9,-2.8,-0.2
137,Ayo Dosunmu\dosunay01,SG,22,CHI,34,658,10.7,.616,.343,.193,2.2,9.8,6.0,8.8,1.1,1.6,15.1,14.1,,0.5,0.6,1.1,.078,,-2.0,-0.2,-2.2,0.0
138,Damyean Dotson\dotsoda01,SG,27,NYK,2,21,6.7,.500,.250,.000,0.0,10.3,5.1,7.0,0.0,0.0,0.0,8.5,,0.0,0.0,0.0,.039,,-3.3,-1.7,-5.0,0.0
139,Devon Dotson\dotsode01,PG,22,CHI,9,74,10.6,.599,.368,.421,1.5,10.3,5.9,18.6,0.7,0.0,18.2,16.3,,0.1,0.0,0.1,.080,,-2.9,-0.9,-3.9,0.0
140,Sekou Doumbouya\doumbse01,PF,21,LAL,2,16,41.2,.717,.250,.500,13.5,25.8,19.8,0.0,8.9,11.3,17.0,31.4,,0.0,0.1,0.1,.324,,9.1,9.9,19.0,0.1
141,Jeff Dowtin\dowtije01,PG,24,TOT,5,31,7.5,.429,.286,.000,3.7,20.3,12.3,13.3,0.0,3.1,12.5,11.2,,0.0,0.0,0.0,.061,,-5.3,-0.2,-5.5,0.0
141,Jeff Dowtin\dowtije01,PG,24,GSW,4,28,9.7,.500,.167,.000,4.1,22.5,13.6,14.7,0.0,3.4,14.3,10.9,,0.0,0.0,0.1,.105,,-4.3,0.6,-3.7,0.0
141,Jeff Dowtin\dowtije01,PG,24,MIL,1,3,-13.1,.000,1.000,.000,0.0,0.0,0.0,0.0,0.0,0.0,0.0,14.3,,0.0,0.0,0.0,-0.342,,-15.3,-7.0,-22.2,0.0
142,PJ Dozier\doziepj01,SG,25,DEN,18,340,9.2,.463,.485,.131,4.6,15.7,10.2,11.8,1.6,1.6,11.0,15.4,,-0.1,0.4,0.3,.045,,-3.0,0.7,-2.3,0.0
143,Goran Dragić\dragigo01,PG,35,TOR,5,90,16.6,.521,.412,.294,2.3,15.2,8.4,14.5,2.8,1.1,2.5,18.7,,0.2,0.1,0.3,.163,,-0.1,2.1,2.0,0.1
144,Andre Drummond\drumman01,C,28,PHI,34,652,20.5,.544,.006,.375,17.8,34.7,26.4,15.5,2.9,4.9,21.5,18.0,,0.8,1.5,2.3,.168,,-0.7,2.0,1.3,0.5
145,Chris Duarte\duartch01,SG,24,IND,34,974,12.1,.530,.447,.147,2.3,13.1,7.7,11.2,1.7,0.4,12.0,21.3,,0.0,0.8,0.8,.040,,-1.5,-0.7,-2.2,0.0
146,David Duke Jr.\dukeda01,PG,22,BRK,10,214,10.1,.428,.299,.224,11.9,12.4,12.1,6.9,1.6,2.0,7.5,16.1,,0.0,0.2,0.3,.060,,-3.4,-1.1,-4.4,-0.1
147,Kevin Durant\duranke01,PF,33,BRK,34,1271,25.6,.621,.245,.339,1.7,19.4,10.9,27.4,0.9,2.3,11.4,31.4,,4.0,1.5,5.5,.209,,6.3,0.6,6.9,2.9
148,Jaime Echenique\echenja01,C,24,WAS,1,3,0.0,,,,0.0,0.0,0.0,0.0,0.0,0.0,,0.0,,0.0,0.0,0.0,-0.011,,-5.2,-2.9,-8.1,0.0
149,Anthony Edwards\edwaran01,SG,20,MIN,35,1241,17.0,.557,.472,.183,3.2,13.5,8.1,17.5,2.1,2.0,13.7,27.4,,0.9,1.4,2.3,.088,,2.0,-0.1,1.9,1.2
150,Kessler Edwards\edwarke02,SF,21,BRK,8,162,11.5,.519,.462,.000,7.5,16.3,12.1,7.8,1.5,2.7,14.8,16.3,,0.0,0.2,0.2,.057,,-1.2,-0.3,-1.5,0.0
151,Rob Edwards\edwarro01,SG,25,OKC,2,11,-0.6,.375,1.000,.000,0.0,28.3,13.8,0.0,0.0,0.0,20.0,19.7,,0.0,0.0,0.0,-0.174,,-8.2,-3.1,-11.3,0.0
152,CJ Elleby\ellebcj01,SF,21,POR,21,187,11.5,.570,.509,.140,7.5,18.0,12.7,7.2,1.3,0.5,14.2,16.4,,0.2,0.1,0.2,.057,,-2.0,-1.5,-3.5,-0.1
153,Wayne Ellington\ellinwa01,SG,34,LAL,28,580,9.0,.590,.911,.032,1.3,7.3,4.4,5.1,1.1,0.3,7.5,12.7,,0.5,0.3,0.8,.064,,-0.9,-0.6,-1.5,0.0
154,Joel Embiid\embiijo01,C,27,PHI,28,923,29.6,.597,.181,.588,6.5,28.7,17.8,23.8,1.7,4.0,11.1,34.7,,3.1,1.6,4.6,.241,,6.2,1.8,8.0,2.3
155,James Ennis III\ennisja01,SF,31,TOT,5,46,19.5,.633,.333,.222,9.5,13.3,11.5,0.0,2.1,3.8,9.2,20.7,,0.1,0.1,0.2,.163,,0.6,-0.5,0.2,0.0
155,James Ennis III\ennisja01,SF,31,BRK,2,14,14.9,.357,.286,.000,15.8,21.8,18.9,0.0,3.4,6.3,0.0,21.6,,0.0,0.0,0.0,.046,,-0.4,-0.6,-0.9,0.0
155,James Ennis III\ennisja01,SF,31,LAC,2,28,26.9,.784,.364,.364,7.7,11.0,9.4,0.0,1.7,3.0,7.3,21.6,,0.1,0.0,0.2,.295,,3.9,-0.1,3.8,0.0
155,James Ennis III\ennisja01,SF,31,DEN,1,4,-17.1,,,,0.0,0.0,0.0,0.0,0.0,0.0,100.0,11.1,,0.0,0.0,0.0,-0.347,,-18.7,-2.6,-21.3,0.0
156,Drew Eubanks\eubandr01,C,24,SAS,37,469,15.5,.584,.048,.524,9.2,23.6,16.3,11.3,1.2,4.5,20.5,17.6,,0.4,0.7,1.0,.106,,-2.5,0.7,-1.8,0.0
157,Tacko Fall\fallta01,C,26,CLE,11,59,11.4,.398,.000,.583,13.3,28.2,21.0,4.6,0.0,8.9,16.6,13.4,,-0.1,0.1,0.1,.058,,-4.0,0.7,-3.3,0.0
158,Derrick Favors\favorde01,C,30,OKC,30,479,13.5,.507,.085,.127,8.3,21.0,14.5,7.7,1.2,1.4,3.8,14.1,,0.5,0.5,1.0,.103,,-2.5,0.0,-2.5,-0.1
159,Bruno Fernando\fernabr01,C,23,BOS,12,32,4.9,.600,.000,.000,9.9,10.1,10.0,4.4,0.0,5.8,44.4,12.3,,-0.1,0.0,0.0,-0.034,,-8.5,-0.5,-8.9,-0.1
160,Dorian Finney-Smith\finnedo01,PF,28,DAL,39,1253,12.9,.583,.605,.142,5.3,11.1,8.1,8.9,1.9,1.6,9.5,13.9,,1.6,1.6,3.2,.124,,0.2,1.0,1.2,1.0
161,Malik Fitts\fittsma01,PF,24,UTA,7,35,-1.5,.333,.444,.000,0.0,29.6,15.5,0.0,0.0,0.0,18.2,13.5,,-0.1,0.0,-0.1,-0.103,,-8.0,-2.3,-10.4,-0.1
162,Malachi Flynn\flynnma01,PG,23,TOR,26,230,9.0,.427,.512,.081,2.7,10.9,6.6,15.5,2.2,1.3,8.2,18.0,,-0.1,0.2,0.1,.026,,-3.5,-0.2,-3.7,-0.1
163,Bryn Forbes\forbebr01,SG,28,SAS,38,627,12.0,.557,.495,.172,0.7,9.6,5.1,8.5,1.1,0.4,10.1,22.0,,0.3,0.4,0.6,.047,,-0.8,-1.8,-2.6,-0.1
164,Aleem Ford\fordal03,SF,24,ORL,5,74,0.7,.350,.750,.000,2.9,18.8,10.8,3.9,0.7,0.0,16.7,14.0,,-0.2,0.0,-0.2,-0.108,,-8.9,-2.4,-11.3,-0.2
165,Trent Forrest\forretr01,PG,23,UTA,30,273,6.3,.556,.108,.378,3.7,12.1,8.1,14.7,0.9,0.0,35.7,10.6,,-0.1,0.2,0.1,.020,,-3.9,0.1,-3.8,-0.1
166,Evan Fournier\fournev01,SG,29,NYK,39,1124,12.4,.543,.586,.125,1.7,8.9,5.3,10.1,1.6,0.8,9.6,21.4,,0.6,0.8,1.4,.061,,-0.6,-1.0,-1.6,0.1
167,De'Aaron Fox\foxde01,PG,24,SAC,39,1333,16.2,.526,.219,.342,1.5,9.9,5.7,24.5,1.8,1.1,12.3,28.0,,0.8,0.6,1.4,.052,,-0.2,-1.0,-1.2,0.3
168,Tim Frazier\fraziti01,PG,31,ORL,10,200,4.2,.394,.395,.209,2.6,7.5,5.1,23.3,0.7,0.5,21.7,13.0,,-0.2,0.0,-0.2,-0.042,,-6.2,-2.1,-8.3,-0.3
169,Enes Freedom\kanteen01,C,29,BOS,24,306,17.6,.583,.048,.241,18.4,26.9,22.6,2.0,0.8,3.3,14.0,15.3,,0.6,0.5,1.0,.164,,-0.2,-1.1,-1.3,0.0
170,Wenyen Gabriel\gabriwe01,PF,24,TOT,6,43,8.1,.400,.333,.333,10.0,19.0,14.7,6.5,1.1,3.9,6.8,15.1,,0.0,0.1,0.0,.055,,-6.3,-1.2,-7.5,-0.1
170,Wenyen Gabriel\gabriwe01,PF,24,BRK,1,1,11.7,,,,0.0,100.0,53.0,0.0,0.0,0.0,,0.0,,0.0,0.0,0.0,.182,,-1.7,0.1,-1.6,0.0
170,Wenyen Gabriel\gabriwe01,PF,24,LAC,5,42,8.0,.400,.333,.333,10.3,17.1,13.8,6.7,1.2,4.0,6.8,15.4,,0.0,0.1,0.0,.052,,-6.4,-1.2,-7.6,-0.1
171,Daniel Gafford\gaffoda01,C,23,WAS,38,871,21.5,.710,.000,.311,11.6,20.4,16.1,7.4,1.0,6.5,13.1,15.2,,2.6,1.1,3.7,.205,,1.1,1.1,2.2,0.9
172,Danilo Gallinari\gallida01,PF,33,ATL,30,667,14.6,.573,.511,.286,2.9,17.2,10.1,8.9,1.0,0.8,5.9,17.8,,1.3,0.2,1.5,.109,,1.0,-1.2,-0.2,0.3
173,Langston Galloway\gallola01,SG,30,TOT,7,107,0.8,.269,.615,.000,3.0,14.4,8.9,14.1,0.5,0.0,18.8,12.9,,-0.3,0.1,-0.2,-0.090,,-7.8,-1.8,-9.6,-0.2
173,Langston Galloway\gallola01,SG,30,BRK,4,58,2.0,.462,.615,.000,1.9,12.3,7.3,11.3,0.0,0.0,27.8,13.4,,-0.1,0.0,-0.1,-0.061,,-7.5,-2.9,-10.4,-0.1
173,Langston Galloway\gallola01,SG,30,MIL,3,49,-0.6,.077,.615,.000,4.4,16.8,10.7,17.4,1.0,0.0,7.1,12.2,,-0.2,0.0,-0.1,-0.125,,-8.2,-0.5,-8.7,-0.1
174,Darius Garland\garlada01,PG,22,CLE,35,1202,17.5,.584,.445,.154,1.6,7.7,4.8,34.8,1.9,0.2,18.1,25.8,,1.6,1.4,3.0,.121,,2.6,-0.4,2.2,1.3
175,Marcus Garrett\garrema01,SG,23,MIA,12,128,4.8,.280,.190,.238,7.9,12.2,10.0,7.0,2.0,2.5,7.9,8.7,,-0.1,0.2,0.1,.031,,-6.0,0.7,-5.3,-0.1
176,Usman Garuba\garubus01,PF,19,HOU,15,105,12.3,.382,.542,.083,9.4,25.8,17.6,10.6,3.2,5.3,10.8,11.3,,0.0,0.1,0.1,.057,,-1.9,1.5,-0.4,0.0
177,Luka Garza\garzalu01,C,23,DET,26,320,14.1,.517,.342,.368,14.9,11.8,13.4,7.7,1.2,1.1,10.2,19.7,,0.3,0.2,0.5,.078,,-1.5,-2.0,-3.5,-0.1
178,Rudy Gay\gayru01,PF,35,UTA,25,498,15.0,.572,.576,.223,5.5,19.1,12.6,7.7,1.3,1.2,8.6,19.1,,0.9,0.6,1.4,.139,,0.9,-0.3,0.6,0.3
179,Paul George\georgpa01,SF,31,LAC,26,924,18.2,.528,.390,.210,1.3,19.3,10.5,27.7,2.8,0.9,15.2,34.0,,-0.6,1.7,1.1,.056,,1.4,1.6,3.1,1.2
180,Taj Gibson\gibsota01,C,36,NYK,25,476,10.7,.559,.192,.288,9.2,16.6,12.9,6.0,1.3,4.5,17.1,9.2,,0.5,0.6,1.0,.103,,-3.6,1.1,-2.5,-0.1
181,Josh Giddey\giddejo01,SG,19,OKC,35,1070,13.5,.463,.325,.116,4.9,20.1,12.3,33.9,1.7,1.5,19.0,21.3,,-0.7,1.3,0.5,.024,,-1.4,0.5,-0.9,0.3
182,Shai Gilgeous-Alexander\gilgesh01,PG,23,OKC,35,1223,18.0,.525,.326,.357,1.7,11.9,6.7,27.1,1.3,2.0,10.1,29.1,,1.2,1.0,2.2,.086,,1.6,-0.3,1.2,1.0
183,Anthony Gill\gillan01,PF,29,WAS,16,108,19.8,.790,.259,.444,8.3,16.8,12.6,11.2,0.5,1.6,11.0,14.9,,0.5,0.1,0.5,.231,,2.4,-0.1,2.3,0.1
184,Freddie Gillespie\gillefr01,PF,24,ORL,9,119,9.8,.419,.045,.318,11.6,20.7,16.1,6.0,1.2,6.9,16.6,10.9,,0.0,0.1,0.1,.043,,-5.2,0.6,-4.6,-0.1
185,Rudy Gobert\goberru01,C,29,UTA,37,1187,25.2,.726,.003,.871,12.5,37.2,25.4,4.7,1.2,6.0,14.5,16.8,,4.3,2.5,6.8,.274,,3.2,2.1,5.2,2.2
186,Brandon Goodwin\goodwbr01,PG,26,CLE,3,68,7.1,.373,.269,.308,3.3,13.7,8.7,30.3,1.5,0.0,14.5,22.2,,-0.1,0.1,0.0,-0.034,,-7.2,-1.5,-8.7,-0.1
187,Jordan Goodwin\goodwjo01,SG,23,WAS,2,6,-20.7,.000,.333,.000,0.0,17.8,9.1,0.0,0.0,0.0,0.0,22.2,,-0.1,0.0,-0.1,-0.531,,-24.4,-9.4,-33.8,0.0
188,Aaron Gordon\gordoaa01,PF,26,DEN,36,1147,15.3,.602,.289,.294,6.1,13.4,9.8,10.3,1.0,1.8,12.3,18.9,,1.7,1.0,2.7,.113,,0.2,-0.8,-0.6,0.4
189,Eric Gordon\gordoer01,SG,33,HOU,35,1019,14.1,.623,.500,.262,0.8,5.5,3.2,18.6,1.0,1.5,16.4,20.1,,1.2,-0.1,1.1,.052,,1.1,-2.6,-1.5,0.1
190,Devonte' Graham\grahade01,PG,26,NOP,38,1191,12.9,.523,.682,.172,1.5,7.3,4.3,22.0,1.6,0.6,10.7,20.4,,1.1,0.4,1.5,.059,,0.7,-1.6,-0.9,0.3
191,Jerami Grant\grantje01,PF,27,DET,24,797,16.8,.540,.332,.382,2.9,13.3,7.8,13.9,1.6,3.1,10.3,26.7,,0.6,0.7,1.2,.073,,1.2,-0.2,1.0,0.6
192,Hassani Gravett\graveha01,PG,25,ORL,8,171,10.6,.629,.684,.105,0.6,12.5,6.5,17.5,1.4,0.5,18.5,12.4,,0.2,0.1,0.2,.070,,-2.2,-0.1,-2.4,0.0
193,Danny Green\greenda02,SF,34,PHI,28,679,11.1,.582,.860,.051,2.6,9.1,5.9,6.5,2.8,3.2,13.5,12.3,,0.3,0.9,1.2,.082,,-0.9,1.5,0.6,0.4
194,Draymond Green\greendr01,PF,31,GSW,34,1018,15.2,.581,.209,.333,4.2,22.6,13.8,33.7,2.2,3.9,31.5,14.4,,0.9,2.4,3.3,.154,,-0.6,4.7,4.0,1.5
195,Jalen Green\greenja05,SG,19,HOU,27,816,10.1,.534,.510,.290,1.2,9.7,5.5,11.1,0.9,0.6,15.2,23.6,,-0.4,-0.1,-0.5,-0.028,,-1.7,-2.7,-4.4,-0.5
196,JaMychal Green\greenja01,PF,31,DEN,35,523,12.9,.542,.455,.251,6.7,20.2,13.5,7.8,2.3,3.0,14.7,18.5,,0.1,0.8,0.9,.086,,-3.3,0.9,-2.4,-0.1
197,Javonte Green\greenja02,SF,28,CHI,29,644,11.9,.589,.264,.320,7.5,13.4,10.5,5.7,1.8,1.6,10.7,10.9,,1.0,0.7,1.7,.127,,-1.6,0.5,-1.1,0.1
198,Jeff Green\greenje02,C,35,DEN,36,889,11.5,.597,.333,.352,2.4,11.2,6.8,6.8,0.6,1.9,11.3,17.2,,0.9,0.7,1.5,.083,,-2.3,-1.0,-3.3,-0.3
199,Josh Green\greenjo02,SG,21,DAL,25,292,15.5,.630,.200,.227,5.5,13.4,9.4,13.9,2.1,1.6,11.8,14.3,,0.6,0.4,1.0,.167,,-1.3,1.8,0.5,0.2
200,Blake Griffin\griffbl01,PF,32,BRK,30,569,11.1,.449,.472,.242,6.6,17.9,12.5,14.0,1.4,1.7,6.6,16.0,,0.3,0.7,1.0,.082,,-2.6,0.3,-2.2,0.0
201,Quentin Grimes\grimequ01,SG,21,NYK,23,311,9.9,.542,.825,.082,1.4,9.8,5.5,10.3,1.9,1.3,12.2,16.3,,0.1,0.3,0.4,.056,,-1.6,0.4,-1.2,0.1
202,Kyle Guy\guyky01,SG,24,MIA,5,101,17.2,.659,.571,.143,1.1,7.7,4.4,20.1,2.0,1.1,11.8,18.5,,0.3,0.1,0.4,.176,,1.3,1.5,2.7,0.1
203,Rui Hachimura\hachiru01,PF,23,WAS,2,29,7.5,.416,.231,.462,3.8,14.7,9.4,10.5,0.0,0.0,6.0,25.5,,0.0,0.0,0.0,-0.070,,-5.7,-4.2,-9.8,-0.1
204,Tyrese Haliburton\halibty01,SG,21,SAC,41,1393,17.5,.583,.425,.149,2.4,9.7,6.0,29.9,2.4,1.8,15.6,17.7,,2.6,0.9,3.5,.121,,2.5,0.5,3.0,1.8
205,Tyler Hall\hallty01,SG,24,NYK,1,2,0.0,,,,0.0,0.0,0.0,0.0,0.0,0.0,,0.0,,0.0,0.0,0.0,-0.004,,-8.1,-0.9,-9.0,0.0
206,R.J. Hampton\hamptrj01,SG,20,ORL,37,724,10.0,.489,.394,.293,1.9,13.9,7.9,19.9,1.5,0.9,15.1,19.8,,-0.4,0.4,0.0,.001,,-2.9,-0.5,-3.3,-0.2
207,Tim Hardaway Jr.\hardati02,SG,29,DAL,34,1042,13.5,.514,.566,.182,1.3,13.1,7.1,12.2,1.6,0.5,4.8,21.7,,0.7,1.2,1.9,.089,,0.0,0.1,0.1,0.6
208,James Harden\hardeja01,PG,32,BRK,34,1253,21.0,.584,.455,.517,2.8,19.7,11.6,39.1,1.7,1.6,20.1,28.2,,2.3,1.7,4.0,.154,,3.6,0.6,4.1,1.9
209,Maurice Harkless\harklma01,SF,28,SAC,28,526,6.3,.534,.580,.130,1.0,12.2,6.6,3.8,1.1,2.3,14.5,10.0,,-0.1,0.2,0.1,.013,,-3.7,0.2,-3.5,-0.2
210,Jared Harper\harpeja01,PG,24,NOP,2,10,21.7,.500,.286,.000,10.6,0.0,5.4,60.2,0.0,9.4,12.5,34.3,,0.0,0.0,0.0,.110,,5.3,-1.9,3.4,0.0
211,Montrezl Harrell\harremo01,C,28,WAS,34,862,24.9,.686,.035,.554,9.8,21.4,15.7,14.1,1.0,2.0,9.6,20.4,,3.6,0.8,4.3,.242,,4.6,0.5,5.1,1.6
212,Gary Harris\harriga01,SG,27,ORL,34,996,11.3,.570,.484,.177,2.8,5.8,4.3,10.3,1.4,0.7,11.5,17.0,,0.7,0.3,1.0,.050,,-1.7,-1.1,-2.8,-0.2
213,Joe Harris\harrijo01,SF,30,BRK,14,423,9.8,.624,.710,.048,1.3,12.3,7.0,4.6,0.8,0.4,11.2,14.6,,0.3,0.3,0.6,.072,,-1.0,-0.7,-1.6,0.0
214,Tobias Harris\harrito02,PF,29,PHI,30,1040,17.5,.540,.244,.257,3.7,20.1,12.0,18.3,0.8,1.7,8.9,24.3,,1.4,1.0,2.4,.109,,0.9,-0.9,0.0,0.5
215,Shaquille Harrison\harrish01,SG,28,BRK,2,23,4.7,.333,.333,.000,4.8,13.3,9.2,17.0,2.1,3.8,25.0,15.0,,-0.1,0.0,0.0,-0.055,,-8.8,0.6,-8.2,0.0
216,Josh Hart\hartjo01,PF,26,NOP,32,1053,15.8,.613,.322,.373,4.3,20.6,12.3,20.7,1.4,1.0,15.7,16.6,,1.9,0.7,2.6,.120,,0.4,0.4,0.8,0.8
217,Isaiah Hartenstein\harteis01,C,23,LAC,29,477,24.1,.679,.021,.345,12.0,17.9,15.0,18.5,2.5,6.6,15.1,17.7,,1.5,1.0,2.5,.256,,1.5,4.1,5.6,0.9
218,Udonis Haslem\hasleud01,C,41,MIA,8,52,14.7,.563,.100,.150,8.6,27.9,18.3,6.2,1.0,2.1,8.6,19.8,,0.1,0.1,0.2,.144,,-2.5,0.3,-2.2,0.0
219,Sam Hauser\hausesa01,SF,24,BOS,7,31,8.1,.409,1.000,.000,3.4,10.5,6.9,4.6,1.6,3.0,0.0,15.6,,0.0,0.0,0.0,.034,,-1.4,-0.4,-1.8,0.0
220,Jaxson Hayes\hayesja02,C,21,NOP,29,396,18.3,.635,.114,.537,9.9,18.2,14.0,4.0,1.1,4.3,11.1,18.5,,0.9,0.3,1.3,.154,,-0.7,-0.8,-1.6,0.0
221,Killian Hayes\hayeski01,PG,20,DET,30,780,7.8,.440,.431,.144,1.8,11.1,6.2,21.0,2.3,1.4,18.3,14.4,,-0.7,0.6,0.0,-0.001,,-5.1,0.5,-4.6,-0.5
222,Gordon Hayward\haywago01,SF,31,CHO,40,1328,16.0,.575,.351,.269,2.5,13.1,7.7,15.8,1.3,1.5,10.5,21.0,,2.2,0.4,2.5,.091,,0.7,-1.5,-0.8,0.4
223,Aaron Henry\henryaa01,SF,22,PHI,6,17,-7.4,.200,.200,.000,0.0,6.4,3.2,0.0,0.0,10.8,28.6,18.5,,-0.1,0.0,-0.1,-0.312,,-13.9,-2.6,-16.5,-0.1
224,Juancho Hernangómez\hernaju01,PF,26,BOS,18,96,4.0,.307,.667,.333,9.9,18.0,13.9,4.2,2.1,1.9,16.2,16.9,,-0.3,0.1,-0.1,-0.064,,-6.9,-1.9,-8.7,-0.2
225,Willy Hernangómez\hernawi01,C,27,NOP,23,342,23.1,.604,.024,.408,17.4,31.8,24.4,13.8,1.2,1.4,11.9,21.0,,1.0,0.3,1.3,.188,,2.4,-1.3,1.2,0.3
226,Tyler Herro\herroty01,SG,22,MIA,34,1116,15.2,.535,.387,.162,2.3,14.5,8.4,20.5,0.9,0.5,13.0,29.9,,0.3,1.0,1.4,.060,,1.1,-1.6,-0.5,0.4
227,Buddy Hield\hieldbu01,SG,29,SAC,43,1256,13.7,.553,.716,.136,2.4,11.6,7.0,10.7,1.5,0.9,10.0,22.7,,1.0,0.5,1.5,.057,,1.5,-1.3,0.2,0.7
228,Haywood Highsmith\highsha01,SF,25,MIA,4,42,11.0,.750,.875,.000,5.3,8.0,6.7,0.0,0.0,2.6,0.0,8.4,,0.1,0.0,0.1,.139,,0.2,-1.0,-0.8,0.0
229,George Hill\hillge01,SG,35,MIL,33,845,10.7,.563,.476,.199,3.4,9.4,6.5,12.6,1.5,0.6,13.0,12.1,,1.0,0.7,1.7,.097,,-2.1,0.4,-1.7,0.1
230,Malcolm Hill\hillma01,SG,26,ATL,3,46,19.5,.871,.625,.500,4.7,9.3,7.0,2.9,4.3,2.0,0.0,9.3,,0.2,0.1,0.2,.253,,0.6,3.2,3.9,0.1
231,Solomon Hill\hillso01,PF,30,ATL,13,139,3.4,.200,.650,.000,4.7,13.2,8.9,10.4,1.4,1.3,4.8,6.6,,-0.1,0.1,0.0,-0.013,,-5.0,0.8,-4.2,-0.1
232,Nate Hinton\hintona01,SG,22,IND,2,2,-46.2,.000,.000,.000,0.0,0.0,0.0,0.0,0.0,0.0,50.0,43.6,,-0.1,0.0,-0.1,-1.241,,-27.7,-14.4,-42.1,0.0
233,Jaylen Hoard\hoardja01,SF,22,OKC,1,2,6.0,.000,.000,.000,49.7,51.9,50.8,0.0,0.0,0.0,0.0,21.6,,0.0,0.0,0.0,-0.212,,-3.4,-9.6,-13.0,0.0
234,Aaron Holiday\holidaa01,PG,25,WAS,33,551,11.4,.546,.292,.135,0.8,9.3,5.1,16.9,1.7,1.2,14.1,17.7,,0.2,0.4,0.5,.045,,-2.6,0.0,-2.6,-0.1
235,Jrue Holiday\holidjr01,PG,31,MIL,33,1094,20.2,.576,.320,.161,2.9,11.6,7.3,32.6,2.3,1.8,14.8,24.1,,2.2,1.4,3.5,.154,,2.9,0.5,3.4,1.5
236,Justin Holiday\holidju01,SF,32,IND,35,994,9.0,.542,.752,.098,1.0,10.1,5.6,7.9,1.1,0.8,9.9,16.0,,0.4,0.6,0.9,.045,,-1.8,-0.7,-2.5,-0.1
237,Richaun Holmes\holmeri01,C,28,SAC,27,706,20.9,.723,.019,.298,10.1,25.4,17.7,7.9,0.5,3.3,14.2,16.6,,2.2,0.6,2.8,.188,,1.4,0.2,1.6,0.6
238,Rodney Hood\hoodro01,SF,29,MIL,32,515,7.2,.487,.635,.122,2.3,10.2,6.3,6.6,1.0,0.4,5.5,10.6,,0.2,0.4,0.6,.058,,-3.0,-0.2,-3.2,-0.1
239,Scotty Hopson\hopsosc01,SG,32,OKC,1,18,0.3,.500,.250,.000,0.0,5.8,2.8,8.4,0.0,0.0,33.3,14.4,,0.0,0.0,0.0,-0.126,,-8.5,-3.1,-11.6,0.0
240,Al Horford\horfoal01,C,35,BOS,32,943,16.9,.538,.464,.217,5.6,22.3,13.9,19.2,1.2,4.6,10.3,16.8,,1.5,1.5,3.0,.155,,1.3,2.4,3.7,1.3
241,Talen Horton-Tucker\hortota01,SG,21,LAL,25,699,10.5,.490,.322,.220,2.9,11.8,7.5,14.0,1.7,1.4,12.2,19.5,,-0.2,0.6,0.5,.034,,-3.7,-0.6,-4.3,-0.4
242,Danuel House Jr.\houseda01,SF,28,TOT,20,290,7.8,.483,.506,.241,2.3,16.4,9.4,11.7,1.0,1.9,16.5,16.9,,-0.2,0.1,-0.1,-0.012,,-3.7,-1.1,-4.8,-0.2
242,Danuel House Jr.\houseda01,SF,28,HOU,16,233,7.2,.467,.459,.257,1.9,18.2,10.0,11.8,1.0,2.0,17.9,18.3,,-0.3,0.1,-0.2,-0.046,,-4.6,-1.1,-5.7,-0.2
242,Danuel House Jr.\houseda01,SF,28,NYK,1,3,-13.6,.000,1.000,.000,0.0,0.0,0.0,0.0,0.0,0.0,0.0,14.8,,0.0,0.0,0.0,-0.363,,-12.2,-8.2,-20.4,0.0
242,Danuel House Jr.\houseda01,SF,28,UTA,3,54,11.9,.621,.750,.167,4.2,9.6,7.0,12.0,0.9,1.6,7.2,11.1,,0.1,0.0,0.2,.157,,0.8,-0.7,0.1,0.0
243,Dwight Howard\howardw01,C,36,LAL,31,456,17.7,.652,.085,.638,12.5,26.0,19.4,5.4,2.4,3.8,16.6,13.5,,0.9,0.8,1.7,.182,,-0.6,1.0,0.4,0.3
244,Markus Howard\howarma02,SG,22,DEN,16,116,11.5,.527,.742,.129,0.0,4.7,2.4,6.8,2.6,0.0,8.4,27.4,,-0.1,0.1,0.0,.017,,-1.7,-1.7,-3.4,0.0
245,Kevin Huerter\huertke01,SG,23,ATL,32,907,11.9,.572,.498,.074,1.3,11.7,6.6,13.7,0.8,0.8,11.9,17.4,,0.8,0.1,0.9,.050,,-0.6,-1.4,-1.9,0.0
246,Jay Huff\huffja01,C,23,LAL,4,20,0.6,.000,.667,.000,5.4,15.5,10.5,5.9,2.4,4.5,25.0,8.6,,-0.1,0.0,0.0,-0.108,,-8.0,0.8,-7.2,0.0
247,Elijah Hughes\hugheel01,SF,23,UTA,10,62,15.8,.738,.737,.158,0.0,15.0,7.9,9.2,1.6,0.0,16.4,16.9,,0.1,0.1,0.2,.156,,1.9,0.6,2.5,0.1
248,De'Andre Hunter\huntede01,SF,24,ATL,11,306,7.5,.516,.342,.090,1.4,9.1,5.3,3.3,1.1,0.9,10.8,18.4,,-0.2,0.1,-0.2,-0.024,,-3.6,-1.2,-4.8,-0.2
249,Chandler Hutchison\hutchch01,SF,25,PHO,6,22,1.2,.694,.000,1.000,0.0,23.2,11.9,10.9,0.0,0.0,58.1,13.5,,-0.1,0.0,0.0,-0.078,,-7.9,-0.7,-8.6,0.0
250,Bones Hyland\hylanbo01,PG,21,DEN,29,481,9.8,.479,.613,.144,1.4,12.9,7.2,14.1,1.5,1.4,9.9,24.2,,-0.4,0.5,0.1,.009,,-3.1,-0.8,-3.9,-0.2
251,Serge Ibaka\ibakase01,C,32,LAC,23,368,12.6,.553,.347,.174,7.0,19.3,13.3,11.7,0.7,3.2,17.2,18.8,,0.1,0.5,0.6,.076,,-2.3,0.3,-2.0,0.0
252,Andre Iguodala\iguodan01,SF,38,GSW,21,437,13.5,.493,.596,.135,3.9,14.4,9.4,26.8,1.9,3.3,15.3,11.1,,0.6,0.8,1.5,.161,,0.1,3.6,3.7,0.6
253,Joe Ingles\inglejo01,SF,34,UTA,36,908,11.0,.585,.784,.079,1.5,10.7,6.3,18.8,1.1,0.5,15.8,13.2,,1.3,0.7,2.0,.107,,0.1,0.4,0.5,0.6
254,Brandon Ingram\ingrabr01,SF,24,NOP,32,1109,18.1,.544,.257,.297,2.4,17.0,9.5,26.2,0.8,0.9,11.7,29.4,,1.4,0.5,1.8,.079,,2.6,-1.3,1.4,0.9
255,Kyrie Irving\irvinky01,PG,29,BRK,2,72,17.6,.547,.263,.132,1.5,14.1,8.1,18.4,2.7,2.4,13.0,27.8,,0.0,0.1,0.1,.075,,-0.8,-1.2,-1.9,0.0
256,Wes Iwundu\iwundwe01,SF,27,ATL,3,82,7.4,.557,.278,.222,4.0,13.1,8.6,0.0,0.6,0.0,4.8,11.0,,0.1,0.0,0.1,.043,,-3.8,-3.0,-6.8,-0.1
257,Frank Jackson\jacksfr01,PG,23,DET,33,749,10.5,.536,.610,.174,1.5,6.1,3.7,7.0,1.0,1.0,7.6,20.3,,0.2,0.2,0.5,.029,,-1.4,-1.7,-3.1,-0.2
258,Isaiah Jackson\jacksis01,PF,20,IND,9,49,11.6,.433,.000,.353,13.6,20.4,17.0,0.0,2.0,3.5,4.8,18.4,,0.0,0.1,0.1,.060,,-4.9,-1.2,-6.1,-0.1
259,Jaren Jackson Jr.\jacksja02,PF,22,MEM,42,1150,17.1,.533,.425,.310,5.1,17.0,10.9,6.0,1.9,6.8,10.0,25.8,,1.0,1.8,2.8,.116,,-0.5,0.4,-0.2,0.5
260,Josh Jackson\jacksjo02,SF,24,DET,31,581,10.9,.508,.443,.201,3.0,16.5,9.3,12.6,1.4,1.7,12.2,20.0,,-0.2,0.4,0.2,.020,,-3.0,-0.7,-3.6,-0.2
261,Justin Jackson\jacksju01,SF,26,TOT,4,25,20.5,.845,.625,.250,4.3,20.4,12.6,0.0,0.0,0.0,10.1,17.1,,0.1,0.0,0.1,.211,,5.3,-0.2,5.1,0.0
261,Justin Jackson\jacksju01,SF,26,BOS,1,2,24.0,.532,.000,2.000,0.0,0.0,0.0,0.0,0.0,0.0,0.0,41.3,,0.0,0.0,0.0,.257,,2.0,-4.8,-2.8,0.0
261,Justin Jackson\jacksju01,SF,26,PHO,3,23,20.2,.929,.714,.000,4.7,22.2,13.7,0.0,0.0,0.0,12.5,15.0,,0.1,0.0,0.1,.207,,5.6,0.2,5.8,0.0
262,Reggie Jackson\jacksre01,SG,31,LAC,38,1207,11.5,.488,.473,.115,1.8,9.3,5.6,20.1,1.2,0.4,11.4,26.6,,-0.9,1.1,0.3,.011,,-1.4,-1.4,-2.8,-0.2
263,LeBron James\jamesle01,SF,37,LAL,29,1067,27.5,.630,.381,.275,3.3,17.7,10.7,32.1,2.2,2.8,12.6,30.5,,3.5,1.5,4.9,.221,,7.1,1.5,8.7,2.9
264,DeJon Jarreau\jarrede01,SG,24,IND,1,1,0.0,,,,0.0,0.0,0.0,0.0,0.0,0.0,,0.0,,0.0,0.0,0.0,-0.005,,-6.1,-1.5,-7.7,0.0
265,DaQuan Jeffries\jeffrda01,SG,24,MEM,3,9,8.7,.500,.500,.000,0.0,24.1,11.8,14.5,0.0,0.0,0.0,9.3,,0.0,0.0,0.0,.094,,-5.5,0.3,-5.1,0.0
266,Ty Jerome\jeromty01,SG,24,OKC,31,460,13.2,.507,.512,.179,3.0,7.7,5.3,18.3,2.0,0.6,9.6,22.6,,0.1,0.4,0.5,.051,,-1.4,-0.2,-1.6,0.0
267,Isaiah Joe\joeis01,SG,22,PHI,24,294,9.1,.512,.739,.163,1.1,11.5,6.4,9.1,0.9,0.6,6.6,16.2,,0.1,0.2,0.3,.049,,-1.9,-1.8,-3.7,-0.1
268,Alize Johnson\johnsal02,PF,25,TOT,19,139,9.9,.492,.138,.276,16.7,21.1,18.9,7.5,1.1,0.0,25.3,13.8,,0.0,0.1,0.2,.052,,-3.7,-1.7,-5.3,-0.1
268,Alize Johnson\johnsal02,PF,25,CHI,16,121,10.4,.537,.087,.304,14.6,18.0,16.3,8.7,1.2,0.0,23.5,12.3,,0.1,0.1,0.2,.085,,-3.1,-0.7,-3.8,-0.1
268,Alize Johnson\johnsal02,PF,25,WAS,3,18,6.0,.311,.333,.167,31.0,41.4,36.3,0.0,0.0,0.0,31.8,23.3,,-0.1,0.0,-0.1,-0.173,,-7.5,-8.3,-15.8,-0.1
269,B.J. Johnson\johnsbj01,SF,26,ORL,4,65,12.7,.520,.400,.000,9.8,14.9,12.3,0.0,0.0,1.4,0.0,16.7,,0.1,0.0,0.1,.066,,-0.5,-4.2,-4.7,0.0
270,Cameron Johnson\johnsca02,PF,25,PHO,39,1000,15.4,.623,.648,.163,2.7,14.4,8.7,7.0,1.6,0.9,6.7,17.3,,1.9,1.5,3.4,.162,,2.2,0.8,3.0,1.3
271,David Johnson\johnsda08,SG,20,TOR,2,2,-20.1,.000,1.000,.000,0.0,0.0,0.0,0.0,0.0,0.0,0.0,21.3,,0.0,0.0,0.0,-0.506,,-18.5,-9.0,-27.5,0.0
272,Jalen Johnson\johnsja05,PF,20,ATL,11,52,10.6,.560,.353,.353,0.0,26.9,13.5,2.8,0.0,0.0,9.2,18.1,,0.0,0.0,0.0,.029,,-2.8,-2.1,-5.0,0.0
273,James Johnson\johnsja01,PF,34,BRK,27,485,10.2,.506,.233,.147,5.5,15.1,10.5,13.2,1.2,2.0,12.1,12.5,,0.3,0.5,0.8,.079,,-2.4,0.2,-2.2,0.0
274,Joe Johnson\johnsjo02,SG,40,BOS,1,2,40.3,1.000,.000,.000,0.0,0.0,0.0,0.0,0.0,0.0,0.0,22.0,,0.0,0.0,0.0,.331,,12.2,2.4,14.6,0.0
275,Keldon Johnson\johnske04,SF,22,SAS,36,1111,13.2,.541,.287,.238,3.6,18.5,10.9,7.7,1.3,0.3,9.3,20.5,,0.6,1.0,1.6,.067,,-1.0,-1.2,-2.2,0.0
276,Keon Johnson\johnske07,SG,19,LAC,15,135,9.7,.440,.216,.412,4.8,11.4,8.2,14.1,2.5,1.3,10.4,21.9,,-0.1,0.2,0.1,.031,,-5.8,0.0,-5.7,-0.1
277,Stanley Johnson\johnsst04,PF,25,LAL,7,158,9.0,.567,.600,.333,2.0,10.4,6.3,7.4,2.4,1.7,8.0,10.1,,0.2,0.2,0.3,.104,,-4.6,0.6,-4.0,-0.1
278,Tyler Johnson\johnsty01,PG,29,TOT,6,91,7.4,.425,.650,.000,3.5,10.6,7.1,9.5,1.6,2.9,9.1,10.5,,0.0,0.1,0.1,.036,,-3.7,0.6,-3.1,0.0
278,Tyler Johnson\johnsty01,PG,29,PHI,3,38,9.8,.550,.700,.000,2.9,14.3,8.7,7.4,1.3,2.4,9.1,13.0,,0.0,0.0,0.1,.075,,-2.3,0.2,-2.1,0.0
278,Tyler Johnson\johnsty01,PG,29,SAS,3,53,5.6,.300,.600,.000,3.9,7.9,5.9,11.0,1.8,3.2,9.1,8.8,,0.0,0.0,0.0,.008,,-4.7,0.9,-3.8,0.0
279,Nikola Jokić\jokicni01,C,26,DEN,34,1116,32.2,.636,.237,.296,9.6,37.7,23.8,40.9,2.0,2.3,15.3,32.3,,4.2,2.2,6.4,.275,,8.8,4.6,13.4,4.3
280,Carlik Jones\jonesca03,PG,24,TOT,5,23,-1.5,.202,.111,.222,4.7,9.7,7.2,26.8,2.2,0.0,23.3,25.0,,-0.2,0.0,-0.1,-0.283,,-11.0,-4.1,-15.1,-0.1
280,Carlik Jones\jonesca03,PG,24,DAL,3,19,-3.8,.127,.143,.286,5.7,11.8,8.7,32.5,2.6,0.0,27.6,25.6,,-0.2,0.0,-0.1,-0.337,,-12.7,-4.2,-16.9,-0.1
280,Carlik Jones\jonesca03,PG,24,DEN,2,4,9.6,.500,.000,.000,0.0,0.0,0.0,0.0,0.0,0.0,0.0,22.3,,0.0,0.0,0.0,-0.023,,-3.0,-3.8,-6.8,0.0
281,Damian Jones\jonesda03,C,26,SAC,25,354,16.1,.668,.124,.517,11.4,20.5,15.9,7.9,0.4,2.6,19.2,16.3,,0.7,0.2,0.9,.124,,-1.3,-0.9,-2.3,0.0
282,Derrick Jones Jr.\jonesde02,PF,24,CHI,30,533,15.8,.689,.303,.377,7.7,13.7,10.7,4.1,1.4,3.8,9.5,12.9,,1.4,0.7,2.0,.184,,-0.1,0.9,0.8,0.4
283,Herbert Jones\joneshe01,C,23,NOP,38,1092,12.1,.561,.223,.249,4.6,9.5,7.0,9.4,2.4,3.3,12.2,13.1,,1.0,0.9,1.9,.084,,-2.1,1.1,-1.0,0.3
284,Jemerrio Jones\jonesje01,SF,26,LAL,2,15,14.9,.667,.000,.000,14.4,6.9,10.5,0.0,3.2,0.0,0.0,8.6,,0.0,0.0,0.1,.181,,-0.9,-0.2,-1.0,0.0
285,Kai Jones\joneska01,C,21,CHO,12,33,2.6,.580,.167,.667,3.1,16.5,9.6,8.0,0.0,0.0,39.2,16.3,,-0.1,0.0,-0.1,-0.136,,-8.4,-4.2,-12.6,-0.1
286,Mason Jones\jonesma05,SG,23,LAL,2,9,-2.2,.282,.250,.250,12.0,11.4,11.7,0.0,5.3,0.0,10.1,46.9,,-0.1,0.0,-0.1,-0.434,,-13.2,-4.6,-17.8,0.0
287,Tre Jones\jonestr01,PG,22,SAS,35,442,13.5,.535,.100,.162,3.5,13.3,8.3,23.8,1.4,0.0,13.1,15.3,,0.6,0.3,0.9,.100,,-1.7,0.0,-1.7,0.0
288,Tyus Jones\jonesty01,PG,25,MEM,42,900,17.2,.577,.370,.125,1.4,12.5,6.8,27.2,2.0,0.2,9.8,15.6,,2.2,0.8,3.0,.162,,1.6,0.4,2.0,0.9
289,DeAndre Jordan\jordade01,C,33,LAL,28,365,18.3,.674,.000,.205,13.0,31.9,22.7,4.3,1.3,5.9,17.4,12.8,,0.7,0.7,1.4,.179,,-1.1,1.1,0.0,0.2
290,Cory Joseph\josepco01,PG,30,DET,29,644,12.4,.587,.370,.321,1.3,9.4,5.1,25.6,1.7,0.7,18.5,15.1,,0.7,0.4,1.0,.078,,-1.9,0.0,-1.9,0.0
291,Georgios Kalaitzakis\kalaige01,SF,23,MIL,9,48,6.1,.535,.364,.818,8.9,8.6,8.7,0.0,1.0,2.1,21.1,16.9,,0.0,0.0,0.0,.001,,-5.8,-2.2,-8.0,-0.1
292,Frank Kaminsky\kaminfr01,C,28,PHO,9,181,21.9,.635,.227,.303,6.6,16.9,11.9,10.6,2.1,3.4,6.3,19.0,,0.6,0.3,0.9,.243,,2.4,2.2,4.6,0.3
293,Luke Kennard\kennalu01,SG,25,LAC,35,1015,12.5,.597,.669,.100,0.6,11.4,6.2,10.6,1.2,0.4,7.3,16.0,,1.3,1.0,2.4,.112,,0.4,0.3,0.7,0.7
294,Braxton Key\keybr01,SF,24,PHI,2,6,9.6,.500,.500,.000,18.6,18.1,18.4,25.7,8.3,0.0,50.0,30.0,,0.0,0.0,0.0,-0.161,,-9.3,3.1,-6.2,0.0
295,George King\kingge03,SF,28,DAL,4,19,-12.4,.085,.800,.400,0.0,29.4,14.4,0.0,0.0,0.0,14.5,16.2,,-0.1,0.0,-0.1,-0.297,,-16.2,-3.4,-19.6,-0.1
296,Louis King\kinglo02,SF,22,SAC,5,55,11.3,.499,.615,.269,0.0,15.5,7.7,2.7,1.8,0.0,0.0,22.6,,0.0,0.0,0.1,.062,,-2.2,-1.7,-3.9,0.0
297,Corey Kispert\kispeco01,SF,22,WAS,36,622,10.0,.539,.561,.193,3.2,9.4,6.4,6.7,0.8,1.3,8.4,14.5,,0.4,0.3,0.6,.050,,-1.5,-1.5,-3.0,-0.2
298,Maxi Kleber\klebima01,PF,30,DAL,25,617,12.5,.580,.747,.169,5.1,22.3,13.5,6.2,0.9,3.3,9.3,13.2,,0.7,0.9,1.6,.125,,-0.3,1.2,1.0,0.5
299,Brandon Knight\knighbr03,PG,30,DAL,3,54,17.4,.638,.650,.400,0.0,14.5,7.1,23.0,0.9,0.0,14.5,22.8,,0.1,0.1,0.2,.169,,-0.1,-0.9,-1.0,0.0
300,Nathan Knight\knighna01,PF,24,MIN,21,179,17.3,.623,.156,.889,11.3,19.7,15.3,11.2,0.8,3.9,16.1,17.4,,0.4,0.2,0.6,.169,,-1.1,0.3,-0.8,0.1
301,Kevin Knox\knoxke01,SF,22,NYK,12,110,12.4,.541,.692,.256,6.8,13.8,10.3,4.3,0.9,0.9,10.3,19.5,,0.1,0.1,0.2,.067,,0.8,-2.3,-1.4,0.0
302,John Konchar\konchjo01,SG,25,MEM,35,579,15.3,.655,.455,.205,7.2,18.3,12.6,10.5,2.4,1.1,10.9,9.9,,1.3,0.7,2.0,.165,,0.9,1.5,2.4,0.6
303,Furkan Korkmaz\korkmfu01,SG,24,PHI,35,808,11.8,.501,.573,.147,1.7,13.6,7.7,14.5,1.4,0.5,8.6,19.5,,0.2,0.6,0.8,.048,,-1.3,-1.2,-2.5,-0.1
304,Luke Kornet\kornelu01,C,26,TOT,3,18,6.6,.273,.167,.500,18.4,5.8,11.9,7.3,0.0,4.9,0.0,17.7,,0.0,0.0,0.0,-0.006,,-7.8,-4.4,-12.3,0.0
304,Luke Kornet\kornelu01,C,26,CLE,2,15,8.9,.316,.200,.600,14.9,6.9,10.8,8.8,0.0,5.9,0.0,18.4,,0.0,0.0,0.0,.024,,-6.6,-3.2,-9.8,0.0
304,Luke Kornet\kornelu01,C,26,MIL,1,3,-5.2,.000,.000,.000,35.5,0.0,17.5,0.0,0.0,0.0,0.0,14.3,,0.0,0.0,0.0,-0.154,,-13.8,-10.6,-24.4,0.0
305,Vit Krejci\krejcvi01,SG,21,OKC,3,9,-0.9,.347,1.000,1.000,0.0,34.6,16.9,0.0,0.0,0.0,25.8,18.7,,0.0,0.0,0.0,-0.172,,-11.9,-2.1,-14.0,0.0
306,Arnoldas Kulboka\kulboar01,SF,24,CHO,1,3,0.0,,,,0.0,0.0,0.0,0.0,0.0,0.0,,0.0,,0.0,0.0,0.0,-0.030,,-4.9,-5.6,-10.5,0.0
307,Jonathan Kuminga\kuminjo01,SF,19,GSW,28,271,11.3,.540,.315,.417,4.6,14.3,9.7,4.6,1.8,1.1,12.9,23.5,,-0.1,0.5,0.4,.065,,-4.0,-0.3,-4.3,-0.2
308,Kyle Kuzma\kuzmaky01,PF,26,WAS,39,1298,14.6,.545,.438,.222,3.3,24.5,14.1,13.0,1.0,1.7,12.4,21.8,,0.4,1.2,1.7,.062,,-0.2,-0.4,-0.6,0.4
309,Anthony Lamb\lamban01,SF,24,SAS,2,8,-0.4,.000,1.000,.000,0.0,13.2,6.5,27.9,0.0,0.0,0.0,10.6,,0.0,0.0,0.0,-0.139,,-6.1,-1.9,-8.0,0.0
310,Jeremy Lamb\lambje01,SF,29,IND,28,410,14.8,.515,.497,.284,3.2,15.9,9.6,13.3,1.6,2.1,7.3,21.8,,0.5,0.4,0.9,.101,,0.7,-0.1,0.6,0.3
311,Jock Landale\landajo01,C,26,SAS,22,207,22.2,.698,.368,.211,12.4,9.2,10.8,13.5,0.7,3.3,13.5,19.6,,0.7,0.1,0.9,.200,,4.1,-0.7,3.4,0.3
312,Romeo Langford\langfro01,SG,22,BOS,31,587,9.7,.506,.434,.161,5.1,12.4,8.7,4.2,1.6,1.9,7.3,12.3,,0.3,0.7,0.9,.077,,-2.4,0.7,-1.7,0.0
313,Zach LaVine\lavinza01,SF,26,CHI,36,1255,21.2,.610,.391,.245,1.0,14.6,7.8,20.3,0.9,0.8,11.8,30.1,,2.7,1.1,3.8,.144,,4.6,-1.2,3.4,1.7
314,Jake Layman\laymaja01,SF,27,MIN,18,155,6.5,.444,.522,.174,2.6,13.5,7.8,4.5,1.6,1.9,12.4,15.2,,-0.2,0.2,0.0,-0.004,,-5.2,-0.9,-6.2,-0.2
315,Damion Lee\leeda03,SG,29,GSW,29,589,11.4,.563,.492,.190,1.7,13.9,8.1,7.1,1.2,0.7,7.0,16.8,,0.6,0.9,1.5,.119,,-1.8,0.4,-1.4,0.1
316,Saben Lee\leesa01,PG,22,DET,21,333,15.4,.511,.394,.339,2.4,15.1,8.4,24.9,3.3,2.2,13.2,18.5,,0.2,0.4,0.6,.088,,-0.9,2.4,1.5,0.3
317,Alex Len\lenal01,C,28,SAC,27,481,13.6,.576,.134,.324,8.8,20.9,14.8,8.9,0.7,3.8,16.9,17.3,,0.4,0.4,0.8,.077,,-2.8,-0.1,-2.9,-0.1
318,Caris LeVert\leverca01,SG,27,IND,28,850,16.5,.517,.322,.211,2.4,9.6,6.0,21.8,1.7,1.5,9.2,27.2,,0.7,0.7,1.4,.077,,0.8,-0.7,0.1,0.5
319,Kira Lewis Jr.\lewiski01,PG,20,NOP,24,341,10.1,.466,.397,.082,2.8,9.8,6.2,23.0,1.6,0.3,14.7,22.3,,-0.3,0.1,-0.2,-0.022,,-2.5,-1.7,-4.2,-0.2
320,Scottie Lewis\lewissc01,SG,21,CHO,2,7,14.9,.568,,,0.0,0.0,0.0,16.2,6.8,0.0,0.0,5.3,,0.0,0.0,0.0,.155,,0.5,5.7,6.2,0.0
321,Damian Lillard\lillada01,PG,31,POR,29,1056,19.5,.550,.514,.328,1.3,11.4,6.3,33.5,0.8,1.0,11.6,29.5,,2.2,0.0,2.3,.102,,4.5,-2.9,1.5,0.9
322,Nassir Little\littlna01,SF,21,POR,35,884,13.5,.558,.486,.296,6.0,18.8,12.3,6.8,1.3,3.3,9.8,15.6,,1.0,0.5,1.5,.081,,-0.9,-0.7,-1.6,0.1
323,Isaiah Livers\liveris01,SF,23,DET,1,5,-10.9,.000,1.000,.000,0.0,0.0,0.0,0.0,9.7,18.2,33.3,25.6,,-0.1,0.0,-0.1,-0.516,,-21.0,3.8,-17.2,0.0
324,Kevon Looney\looneke01,C,25,GSW,40,798,15.3,.557,.005,.319,13.8,22.3,18.2,11.0,1.3,3.7,13.0,13.4,,1.4,1.7,3.1,.186,,-1.6,1.7,0.1,0.4
325,Brook Lopez\lopezbr01,C,33,MIL,1,28,11.9,.444,.444,.000,7.6,11.0,9.4,0.0,1.7,10.7,0.0,13.8,,0.0,0.0,0.1,.095,,-3.1,0.4,-2.6,0.0
326,Robin Lopez\lopezro01,C,33,ORL,17,303,16.6,.584,.028,.208,12.9,9.2,11.1,19.6,0.2,3.0,16.6,19.8,,0.5,0.1,0.5,.086,,-0.2,-1.5,-1.7,0.0
327,Didi Louzada\louzama01,SF,22,NOP,2,7,-1.1,.000,1.000,.000,30.3,0.0,15.5,17.9,0.0,0.0,0.0,18.3,,0.0,0.0,0.0,-0.254,,-3.8,-8.7,-12.4,0.0
328,Kevin Love\loveke01,PF,33,CLE,33,711,22.9,.614,.620,.326,6.0,30.2,18.6,15.5,0.8,1.0,9.5,26.0,,2.1,1.3,3.4,.229,,6.6,0.7,7.3,1.7
329,Kyle Lowry\lowryky01,PG,35,MIA,36,1235,15.0,.564,.588,.262,2.1,12.6,7.3,35.9,1.4,1.1,20.6,19.8,,1.9,1.3,3.2,.126,,1.1,0.0,1.1,1.0
330,Timothé Luwawu-Cabarrot\luwawti01,SF,26,ATL,26,379,9.1,.540,.689,.170,2.3,9.9,6.1,7.5,1.3,0.7,8.1,14.3,,0.3,0.1,0.4,.049,,-2.4,-1.4,-3.7,-0.2
331,Trey Lyles\lylestr01,PF,26,DET,37,691,15.3,.554,.416,.351,6.9,20.8,13.4,10.5,1.0,1.8,10.6,20.9,,0.8,0.5,1.3,.091,,-0.4,-0.9,-1.3,0.1
332,Théo Maledon\maledth01,PG,20,OKC,21,285,5.8,.428,.564,.385,2.8,10.6,6.6,11.2,1.7,0.7,16.5,16.6,,-0.4,0.2,-0.2,-0.031,,-6.3,-0.2,-6.5,-0.3
333,Sandro Mamukelashvili\mamuksa01,PF,22,MIL,22,262,12.6,.536,.467,.160,10.6,10.2,10.4,6.4,1.1,2.3,10.1,14.6,,0.3,0.2,0.6,.106,,-0.4,-0.7,-1.1,0.1
334,Terance Mann\mannte01,SF,25,LAC,41,1212,12.6,.574,.341,.224,5.3,13.3,9.4,11.9,0.9,0.4,10.7,15.3,,1.6,1.2,2.9,.113,,-0.9,-0.1,-1.0,0.3
335,Tre Mann\manntr01,PG,20,OKC,27,458,9.3,.484,.411,.125,2.2,11.1,6.5,6.5,1.4,1.2,8.2,20.8,,-0.4,0.4,0.0,.000,,-3.9,-1.2,-5.1,-0.4
336,Boban Marjanović\marjabo01,C,33,DAL,16,95,21.4,.627,.054,.286,8.0,27.0,17.3,4.8,0.0,1.9,14.9,34.9,,0.0,0.1,0.1,.066,,-1.4,-1.3,-2.7,0.0
337,Lauri Markkanen\markkla01,PF,24,CLE,32,972,13.1,.527,.509,.173,4.1,14.3,9.4,8.2,1.1,1.5,6.3,19.4,,0.9,1.3,2.2,.107,,-0.5,0.1,-0.4,0.4
338,Naji Marshall\marshna01,SF,24,NOP,21,215,8.4,.437,.415,.446,6.9,21.2,13.9,13.2,2.1,1.3,20.5,19.5,,-0.3,0.2,-0.1,-0.026,,-5.5,-0.5,-6.0,-0.2
339,Caleb Martin\martica02,SF,26,MIA,30,681,14.8,.594,.397,.221,5.4,12.5,8.9,6.6,2.1,2.7,9.0,16.0,,1.0,0.9,1.9,.136,,0.2,0.8,0.9,0.5
340,Cody Martin\martico01,SF,26,CHO,36,964,14.5,.590,.352,.249,4.8,11.6,8.1,13.3,2.6,1.8,10.4,12.7,,1.7,0.6,2.3,.114,,-0.1,0.7,0.7,0.7
341,Kelan Martin\martike03,SF,26,IND,27,444,10.3,.492,.440,.077,4.0,9.2,6.6,7.1,1.5,1.7,7.5,18.4,,0.0,0.3,0.3,.035,,-2.2,-0.8,-3.0,-0.1
342,Kenyon Martin Jr.\martike04,SF,21,HOU,39,737,16.0,.593,.290,.274,5.9,15.5,10.7,11.3,1.0,2.6,8.8,17.0,,1.3,0.2,1.5,.100,,0.9,-1.2,-0.3,0.3
343,Garrison Mathews\mathega01,SG,25,HOU,25,714,11.7,.615,.832,.332,2.1,11.5,6.9,4.6,1.1,1.4,7.0,15.2,,1.1,0.1,1.2,.082,,-0.6,-2.1,-2.7,-0.1
344,Dakota Mathias\mathida01,SG,26,MEM,4,8,22.5,.750,1.000,.000,0.0,27.1,13.3,0.0,0.0,0.0,0.0,20.8,,0.0,0.0,0.0,.231,,6.5,0.2,6.6,0.0
345,Wesley Matthews\matthwe02,SG,35,MIL,15,305,11.5,.651,.718,.077,2.8,7.8,5.3,5.5,1.0,1.6,8.0,12.3,,0.5,0.2,0.7,.115,,-0.1,-0.3,-0.4,0.1
346,Tyrese Maxey\maxeyty01,PG,21,PHI,32,1105,16.3,.565,.251,.234,1.3,9.6,5.5,20.5,1.0,1.5,7.8,21.0,,2.0,0.7,2.8,.120,,0.9,-0.6,0.3,0.7
347,Skylar Mays\mayssk01,SG,24,ATL,16,182,16.1,.641,.404,.123,3.0,10.6,6.8,10.5,1.9,0.0,9.1,15.8,,0.4,0.1,0.5,.119,,1.0,-0.5,0.5,0.1
348,Miles McBride\mcbrimi01,PG,21,NYK,16,142,7.1,.353,.519,.077,1.5,9.2,5.3,20.0,2.8,0.7,5.3,17.7,,-0.2,0.2,0.0,-0.006,,-5.8,0.8,-5.0,-0.1
349,Mac McClung\mccluma01,PG,23,CHI,1,3,9.2,1.000,.000,.000,0.0,0.0,0.0,0.0,0.0,0.0,50.0,29.2,,0.0,0.0,0.0,-0.233,,-6.7,-8.5,-15.1,0.0
350,CJ McCollum\mccolcj01,SG,30,POR,24,848,16.5,.522,.435,.111,3.5,9.5,6.4,21.6,1.5,1.9,8.9,26.7,,0.8,0.2,1.0,.055,,2.2,-2.0,0.2,0.5
351,T.J. McConnell\mccontj01,PG,29,IND,24,581,15.9,.536,.138,.083,3.6,11.6,7.6,29.5,2.1,1.3,13.0,16.2,,0.9,0.5,1.5,.123,,-0.1,1.6,1.5,0.5
352,Jaden McDaniels\mcdanja02,PF,21,MIN,38,1006,8.8,.507,.447,.113,5.3,13.3,9.1,5.8,1.5,2.3,11.8,14.5,,0.2,1.0,1.2,.055,,-3.9,-0.1,-4.0,-0.5
353,Jalen McDaniels\mcdanja01,SF,24,CHO,34,608,13.4,.604,.439,.257,4.4,16.6,10.3,9.1,1.6,2.2,12.4,15.1,,0.8,0.3,1.1,.087,,-1.3,-0.6,-1.8,0.0
354,Doug McDermott\mcderdo01,PF,30,SAS,26,640,11.9,.588,.551,.091,1.6,9.5,5.5,7.6,0.3,0.3,7.0,17.9,,0.7,0.2,0.9,.071,,0.1,-2.4,-2.4,-0.1
355,JaVale McGee\mcgeeja01,C,34,PHO,36,575,24.1,.671,.017,.342,15.4,30.6,23.2,6.5,1.0,4.4,17.2,24.4,,1.4,1.3,2.6,.220,,0.8,0.9,1.6,0.5
356,Cameron McGriff\mcgrica01,SF,24,POR,3,46,13.0,.470,.429,.143,14.2,22.0,18.0,9.3,0.0,2.1,0.0,14.1,,0.1,0.0,0.1,.111,,-0.5,-3.1,-3.6,0.0
357,Rodney McGruder\mcgruro01,SG,30,DET,17,161,7.3,.459,.477,.091,5.7,13.5,9.3,10.5,0.9,1.1,14.9,14.3,,-0.1,0.1,0.0,-0.007,,-4.4,-1.5,-5.8,-0.2
358,Alfonzo McKinnie\mckinal01,SF,29,CHI,7,98,11.7,.623,.571,.071,5.6,6.7,6.2,4.2,1.0,1.8,9.4,14.3,,0.1,0.1,0.2,.098,,-0.7,-1.9,-2.6,0.0
359,JaQuori McLaughlin\mclauja01,PG,24,DAL,4,11,-2.9,.000,.500,.000,0.0,0.0,0.0,22.4,0.0,0.0,0.0,8.1,,0.0,0.0,0.0,-0.103,,-9.1,-4.3,-13.4,0.0
360,Jordan McLaughlin\mclaujo01,PG,25,MIN,28,314,8.4,.364,.378,.297,1.9,8.4,5.0,27.5,2.8,0.3,18.5,13.7,,-0.2,0.3,0.1,.018,,-4.6,0.3,-4.3,-0.2
361,Ben McLemore\mclembe01,SG,28,POR,23,363,13.8,.617,.785,.101,2.1,7.1,4.6,6.6,0.9,0.5,8.3,20.4,,0.6,0.0,0.6,.074,,1.6,-2.6,-1.0,0.1
362,De'Anthony Melton\meltode01,SG,23,MEM,34,799,14.3,.498,.526,.154,4.3,15.9,10.0,16.9,3.3,2.5,14.4,20.3,,0.1,1.2,1.4,.083,,-0.6,1.7,1.0,0.6
363,Sam Merrill\merrisa01,SG,25,MEM,6,58,8.0,.485,.958,.167,1.8,11.2,6.4,9.3,0.0,0.0,7.2,19.9,,0.0,0.0,0.0,.025,,-1.9,-3.7,-5.7,-0.1
364,Chimezie Metu\metuch01,C,24,SAC,27,615,13.0,.496,.448,.157,3.5,26.0,14.7,6.5,1.9,2.4,8.9,18.7,,-0.1,0.7,0.6,.048,,-1.2,0.2,-1.0,0.2
365,Khris Middleton\middlkh01,SF,30,MIL,31,975,17.8,.567,.414,.299,2.4,15.8,9.2,26.2,1.7,0.6,16.1,27.3,,1.3,1.1,2.4,.117,,1.5,-0.4,1.1,0.8
366,C.J. Miles\milescj01,SG,34,BOS,1,2,-8.0,,,,0.0,0.0,0.0,0.0,0.0,0.0,,0.0,,0.0,0.0,0.0,.013,,-16.2,-0.4,-16.6,0.0
367,Patty Mills\millspa02,PG,33,BRK,39,1210,11.9,.586,.703,.069,0.9,5.9,3.5,12.1,1.0,0.8,9.0,17.0,,1.4,0.7,2.1,.083,,0.4,-1.4,-1.0,0.3
368,Paul Millsap\millspa01,PF,36,BRK,23,251,10.1,.428,.329,.215,11.0,21.9,16.7,12.4,1.0,2.8,10.4,16.6,,0.0,0.3,0.4,.068,,-4.1,0.5,-3.6,-0.1
369,Shake Milton\miltosh01,PG,25,PHI,27,668,13.0,.516,.311,.189,2.2,11.1,6.7,17.2,1.5,1.5,10.1,20.6,,0.3,0.6,0.9,.063,,-1.5,-0.4,-1.9,0.0
370,Davion Mitchell\mitchda01,PG,23,SAC,37,917,9.6,.460,.394,.097,2.0,7.3,4.6,18.8,1.2,0.6,9.0,18.7,,-0.1,0.2,0.1,.005,,-2.6,-1.4,-4.0,-0.4
371,Donovan Mitchell\mitchdo01,SG,25,UTA,37,1235,22.5,.572,.454,.207,2.9,9.0,6.1,26.7,2.4,0.5,11.7,33.1,,3.0,1.3,4.3,.169,,4.5,-0.3,4.2,1.9
372,Evan Mobley\mobleev01,PF,20,CLE,33,1123,16.3,.552,.128,.256,5.5,19.5,12.8,11.7,1.2,4.5,11.6,19.6,,1.1,2.0,3.1,.131,,-0.5,2.1,1.6,1.0
373,Malik Monk\monkma01,SG,23,LAL,36,936,14.3,.605,.570,.134,1.8,9.6,5.8,12.5,1.3,1.6,11.4,18.4,,1.2,0.7,1.9,.099,,0.6,-0.8,-0.2,0.4
374,Greg Monroe\monrogr01,C,31,TOT,5,81,20.6,.579,.000,.227,15.9,25.7,20.4,21.8,1.8,6.0,19.9,15.9,,0.2,0.1,0.3,.177,,-0.1,2.4,2.3,0.1
374,Greg Monroe\monrogr01,C,31,MIN,3,63,19.1,.617,.000,.357,8.0,28.0,17.6,25.4,1.5,6.4,19.8,13.4,,0.1,0.1,0.2,.184,,-0.2,4.4,4.2,0.1
374,Greg Monroe\monrogr01,C,31,WAS,2,18,25.8,.500,.000,.000,43.3,17.8,30.3,9.1,2.7,4.7,20.0,24.7,,0.0,0.0,0.1,.153,,0.2,-4.3,-4.1,0.0
375,Moses Moody\moodymo01,SG,19,GSW,25,175,6.7,.427,.554,.196,2.6,13.2,8.1,6.3,0.8,2.2,6.2,16.1,,-0.1,0.3,0.1,.036,,-4.8,-0.4,-5.1,-0.1
376,Xavier Moon\moonxa01,SG,27,LAC,5,69,9.2,.383,.267,.000,1.6,11.9,6.9,13.4,3.5,1.2,6.3,20.4,,-0.1,0.1,0.0,-0.017,,-6.6,0.5,-6.2,-0.1
377,Matt Mooney\moonema01,SG,24,NYK,1,2,-20.4,.000,1.000,.000,0.0,0.0,0.0,0.0,25.2,0.0,50.0,44.4,,-0.1,0.0,0.0,-0.935,,-33.9,11.1,-22.8,0.0
378,Ja Morant\moranja01,PG,22,MEM,30,971,25.1,.575,.219,.334,4.1,14.8,9.3,35.0,2.0,1.3,12.6,31.9,,2.7,1.0,3.7,.184,,6.3,0.0,6.3,2.0
379,Juwan Morgan\morgaju01,PF,24,TOR,1,27,9.7,.833,.667,.000,7.6,8.5,8.0,4.9,0.0,0.0,0.0,4.7,,0.1,0.0,0.1,.130,,-2.8,-4.6,-7.3,0.0
380,Jaylen Morris\morrija01,SG,26,SAS,3,16,-11.5,.129,.333,.667,0.0,13.2,6.5,14.0,0.0,0.0,11.4,23.1,,-0.1,0.0,-0.1,-0.373,,-15.7,-5.8,-21.5,-0.1
381,Marcus Morris\morrima03,PF,32,LAC,21,637,14.6,.555,.401,.222,2.2,14.8,8.7,11.5,0.8,0.9,8.1,23.0,,0.6,0.7,1.3,.099,,0.5,-0.7,-0.2,0.3
382,Markieff Morris\morrima02,PF,32,MIA,10,187,10.6,.533,.314,.071,7.8,9.0,8.4,11.6,0.8,0.6,14.3,19.9,,0.1,0.1,0.2,.057,,-1.2,-0.4,-1.7,0.0
383,Monte Morris\morrimo01,PG,26,DEN,36,1080,14.0,.568,.409,.075,1.1,8.8,5.0,21.5,1.2,0.4,10.1,18.4,,1.4,0.8,2.2,.097,,-0.1,-0.8,-0.9,0.3
384,Emmanuel Mudiay\mudiaem01,PG,25,SAC,2,11,12.9,.399,.000,2.000,0.0,0.0,0.0,43.8,4.4,0.0,21.0,18.5,,0.0,0.0,0.0,.034,,-2.2,1.3,-0.9,0.0
385,Mychal Mulder\muldemy01,PG,27,ORL,15,195,2.4,.405,.687,.030,1.1,10.5,5.7,2.3,1.0,0.5,10.5,16.9,,-0.4,0.1,-0.4,-0.093,,-6.7,-2.0,-8.7,-0.3
386,Ade Murkey\murkead01,SG,24,SAC,1,1,0.0,,,,0.0,0.0,0.0,0.0,0.0,0.0,,0.0,,0.0,0.0,0.0,-0.021,,-6.8,-2.5,-9.3,0.0
387,Trey Murphy III\murphtr02,SF,21,NOP,34,454,8.3,.487,.740,.115,4.9,12.5,8.6,6.3,1.1,0.8,7.4,14.0,,0.2,0.2,0.3,.033,,-2.1,-1.7,-3.9,-0.2
388,Dejounte Murray\murrade01,PG,25,SAS,35,1200,20.3,.499,.237,.129,3.5,21.5,12.4,38.6,2.9,1.1,12.0,25.9,,1.3,1.8,3.0,.121,,2.4,1.7,4.2,1.9
389,Mike Muscala\muscami01,C,30,OKC,33,455,20.4,.625,.653,.253,3.3,19.6,11.3,6.4,1.5,4.4,5.0,21.1,,1.2,0.6,1.8,.188,,3.8,1.1,4.9,0.8
390,Svi Mykhailiuk\mykhasv01,SF,24,TOR,36,628,11.0,.533,.545,.162,3.1,12.0,7.3,9.1,1.8,0.6,11.3,16.2,,0.4,0.5,0.9,.068,,-1.5,-0.5,-2.0,0.0
391,Abdel Nader\naderab01,SF,28,PHO,14,145,5.1,.431,.400,.286,3.0,16.2,9.8,6.1,2.7,2.4,21.8,15.0,,-0.3,0.3,0.0,-0.001,,-7.0,1.9,-5.1,-0.1
392,Larry Nance Jr.\nancela02,PF,29,POR,37,858,14.9,.581,.313,.247,7.3,19.8,13.5,12.3,2.2,1.4,11.0,12.5,,1.5,0.6,2.1,.116,,0.2,0.4,0.6,0.6
393,RJ Nembhard Jr.\nembhrj01,SG,22,CLE,5,40,11.0,.463,.091,.182,0.0,5.2,2.7,35.6,0.0,0.0,7.8,14.1,,0.1,0.0,0.1,.101,,-2.8,-1.5,-4.3,0.0
394,Aaron Nesmith\nesmiaa01,SF,22,BOS,28,300,4.0,.443,.688,.097,2.8,14.1,8.4,4.8,1.3,0.3,14.9,16.7,,-0.5,0.3,-0.2,-0.027,,-6.2,-0.6,-6.7,-0.4
395,Raul Neto\netora01,PG,29,WAS,35,716,10.7,.505,.246,.233,1.1,10.3,5.8,19.6,1.7,0.1,13.9,18.8,,0.0,0.4,0.4,.026,,-3.5,-0.5,-4.1,-0.4
396,Malik Newman\newmama01,PG,24,CLE,1,8,29.3,.680,.200,.400,0.0,13.0,6.7,27.7,0.0,0.0,14.5,37.6,,0.0,0.0,0.0,.207,,6.8,0.0,6.8,0.0
397,Georges Niang\niangge01,PF,28,PHI,35,807,12.4,.587,.615,.122,1.5,11.2,6.4,8.7,1.1,0.9,7.9,18.3,,0.9,0.6,1.5,.090,,-0.5,-1.0,-1.5,0.1
398,Daishen Nix\nixda01,SG,19,HOU,8,67,17.6,.704,.350,.150,1.6,14.6,8.1,24.7,5.0,0.0,29.7,19.2,,0.0,0.1,0.1,.072,,-0.8,2.1,1.3,0.1
399,Zeke Nnaji\nnajize01,PF,21,DEN,23,338,13.0,.583,.454,.361,8.0,14.5,11.3,3.4,0.7,1.9,5.9,15.7,,0.5,0.3,0.8,.119,,-0.7,-1.6,-2.3,0.0
400,Nerlens Noel\noelne01,C,27,NYK,17,393,12.1,.579,.047,.419,10.0,17.1,13.6,4.9,2.3,6.2,22.8,7.4,,0.4,0.6,1.0,.122,,-2.8,2.2,-0.7,0.1
401,Jaylen Nowell\nowelja01,SG,22,MIN,27,364,18.8,.554,.343,.189,2.2,13.3,7.5,23.9,2.1,1.4,7.1,22.6,,0.8,0.4,1.2,.156,,1.6,0.6,2.2,0.4
402,Frank Ntilikina\ntilila01,PG,23,DAL,30,437,10.2,.499,.514,.136,1.5,10.2,5.8,14.9,2.4,0.6,11.9,17.2,,0.0,0.6,0.6,.064,,-3.1,1.1,-1.9,0.0
403,Jusuf Nurkić\nurkiju01,C,27,POR,37,980,20.5,.595,.099,.439,10.0,33.2,21.4,16.3,2.1,1.8,16.3,22.4,,1.8,1.0,2.8,.138,,0.5,0.4,0.9,0.7
404,David Nwaba\nwabada01,SF,29,HOU,33,469,15.8,.547,.248,.333,6.8,23.1,15.0,8.8,2.2,3.6,8.5,16.0,,0.6,0.4,1.0,.105,,-0.4,0.0,-0.4,0.2
405,Jordan Nwora\nworajo01,SF,23,MIL,33,698,12.0,.531,.511,.062,3.8,16.2,10.1,7.6,1.1,1.9,11.0,19.5,,0.1,0.7,0.9,.061,,-1.1,-0.9,-2.0,0.0
406,Royce O'Neale\onealro01,SF,28,UTA,38,1191,11.4,.632,.649,.149,3.2,13.4,8.5,10.3,2.1,1.4,14.3,9.4,,1.7,1.4,3.2,.127,,-0.1,2.2,2.1,1.3
407,Semi Ojeleye\ojelese01,PF,27,MIL,16,287,3.7,.318,.576,.167,9.3,11.5,10.4,2.2,0.7,1.7,6.6,11.3,,-0.3,0.2,0.0,-0.008,,-5.8,-2.1,-7.9,-0.4
408,Chuma Okeke\okekech01,PF,23,ORL,30,690,9.8,.448,.541,.131,3.1,17.1,10.0,9.5,2.7,1.6,10.4,17.0,,-0.6,0.7,0.1,.009,,-3.5,0.8,-2.7,-0.1
409,Josh Okogie\okogijo01,SG,23,MIN,26,354,7.9,.464,.462,.477,6.6,10.3,8.4,6.6,2.2,2.5,16.0,11.0,,0.0,0.4,0.4,.049,,-4.3,0.8,-3.4,-0.1
410,Onyeka Okongwu\okongon01,C,21,ATL,7,161,19.2,.785,.000,.457,9.4,19.4,14.4,7.2,1.2,5.0,19.2,14.1,,0.5,0.1,0.6,.185,,-0.4,1.1,0.8,0.1
411,Isaac Okoro\okorois01,SF,21,CLE,27,767,10.2,.552,.398,.291,4.8,8.8,6.9,9.2,1.4,0.8,12.3,14.4,,0.6,0.9,1.5,.095,,-2.5,0.7,-1.8,0.0
412,KZ Okpala\okpalkz01,PF,22,MIA,21,244,10.8,.521,.377,.159,5.0,13.7,9.4,8.3,0.8,3.1,6.3,14.3,,0.2,0.3,0.5,.101,,-2.7,0.0,-2.6,0.0
413,Cameron Oliver\oliveca01,SF,25,ATL,2,43,22.2,.705,.200,.200,5.1,10.0,7.5,11.3,1.1,2.1,0.0,16.6,,0.2,0.0,0.2,.223,,2.7,-0.8,1.8,0.0
414,Kelly Olynyk\olynyke01,C,30,DET,10,230,18.4,.551,.418,.357,5.7,19.9,12.4,17.8,2.9,2.8,11.7,23.9,,0.2,0.3,0.5,.106,,1.1,2.0,3.2,0.3
415,Eugene Omoruyi\omorueu01,SF,24,DAL,4,18,17.4,.518,.400,.800,12.0,31.0,21.3,15.9,0.0,0.0,0.0,16.8,,0.1,0.0,0.1,.204,,3.5,0.5,4.0,0.0
416,Miye Oni\onimi01,SG,24,UTA,16,44,0.5,.265,.889,.111,2.6,14.1,8.6,13.9,0.0,0.0,9.6,10.2,,-0.1,0.0,0.0,-0.029,,-7.3,-0.5,-7.8,-0.1
417,Cedi Osman\osmande01,SF,26,CLE,29,664,15.8,.598,.648,.191,2.0,10.3,6.3,11.8,2.2,1.1,8.6,20.0,,1.1,1.0,2.0,.148,,1.6,1.8,3.3,0.9
418,Daniel Oturu\oturuda01,C,22,TOR,3,27,13.7,.549,.167,.833,3.8,16.9,10.0,0.0,0.0,7.3,0.0,12.9,,0.0,0.0,0.1,.117,,-2.4,-3.0,-5.4,0.0
419,Kelly Oubre Jr.\oubreke01,SF,26,CHO,40,1128,16.2,.582,.587,.174,3.5,11.4,7.3,6.5,1.9,1.2,7.0,23.0,,1.5,0.4,2.0,.083,,1.1,-2.0,-0.8,0.3
420,Jaysean Paige\paigeja01,PG,27,DET,1,7,-22.3,.000,.667,.000,0.0,16.3,7.7,18.8,0.0,0.0,25.0,24.4,,-0.1,0.0,-0.1,-0.579,,-25.0,-6.7,-31.7,0.0
421,Trayvon Palmer\palmetr01,SG,27,DET,1,17,-5.7,.000,.000,.000,0.0,13.5,6.3,0.0,0.0,0.0,50.0,5.0,,-0.1,0.0,0.0,-0.135,,-13.3,-2.1,-15.4,-0.1
422,Kevin Pangos\pangoke01,PG,29,CLE,18,157,7.1,.417,.578,.089,1.4,5.3,3.4,26.1,0.6,0.0,13.0,15.0,,0.0,0.1,0.1,.034,,-4.0,-1.9,-5.9,-0.2
423,Jabari Parker\parkeja01,PF,26,BOS,12,112,15.5,.632,.421,.237,4.7,22.2,13.4,8.4,1.8,0.8,16.0,19.6,,0.2,0.2,0.3,.135,,-0.2,0.5,0.3,0.1
424,Eric Paschall\pascher01,PF,25,UTA,28,317,11.8,.573,.538,.429,5.7,10.8,8.4,7.7,0.5,0.8,11.5,16.6,,0.5,0.2,0.7,.102,,-0.8,-1.1,-1.9,0.0
425,Chris Paul\paulch01,PG,36,PHO,40,1290,20.4,.564,.269,.273,1.2,12.6,7.0,43.6,2.9,0.7,15.6,19.6,,3.4,2.3,5.7,.210,,2.5,2.3,4.8,2.2
426,Cameron Payne\payneca01,PG,27,PHO,35,711,12.1,.481,.345,.171,2.3,12.1,7.3,25.9,1.5,1.4,15.3,26.5,,-0.5,1.0,0.5,.034,,-1.7,0.0,-1.7,0.1
427,Elfrid Payton\paytoel01,PG,27,PHO,21,255,8.2,.422,.057,.172,4.7,13.2,9.1,21.2,2.1,0.7,19.7,19.7,,-0.4,0.4,0.0,-0.002,,-4.9,0.9,-3.9,-0.1
428,Gary Payton II\paytoga02,PG,29,GSW,39,663,21.3,.718,.345,.195,7.5,15.8,11.9,7.1,4.0,1.3,8.0,15.5,,1.9,1.6,3.5,.252,,2.3,3.6,5.9,1.3
429,Norvel Pelle\pelleno01,C,28,UTA,3,19,12.4,.600,.000,.000,18.0,16.3,17.1,0.0,0.0,4.5,28.6,15.9,,0.0,0.0,0.0,.046,,-2.5,-4.4,-6.9,0.0
430,Reggie Perry\perryre01,PF,21,POR,2,41,8.9,.557,.222,.222,5.3,13.7,9.4,6.9,1.2,0.0,9.2,11.6,,0.0,0.0,0.1,.064,,-4.1,-2.1,-6.3,0.0
431,Jamorko Pickett\pickeja01,PF,24,DET,6,47,-4.2,.150,.700,.000,4.3,17.0,10.3,2.9,0.0,1.9,23.1,11.8,,-0.2,0.0,-0.2,-0.190,,-9.4,-4.2,-13.6,-0.1
432,Theo Pinson\pinsoth01,SF,26,DAL,10,93,10.0,.435,.741,.148,0.0,19.2,9.4,17.8,2.2,2.0,6.5,14.8,,0.0,0.2,0.2,.079,,-2.7,2.3,-0.4,0.0
433,Mason Plumlee\plumlma01,C,31,CHO,32,788,14.7,.577,.007,.473,9.8,21.0,15.2,14.9,1.7,3.4,17.0,11.7,,1.3,0.6,1.9,.116,,-1.3,1.2,-0.1,0.4
434,Jakob Poeltl\poeltja01,C,26,SAS,33,941,19.3,.576,.000,.250,14.8,17.6,16.2,13.8,1.1,4.2,13.2,18.4,,1.7,1.1,2.8,.143,,0.4,0.1,0.5,0.6
435,Aleksej Pokusevski\pokusal01,PF,20,OKC,36,544,8.1,.414,.451,.073,6.0,21.4,13.5,11.4,1.6,3.0,17.4,19.2,,-1.2,0.7,-0.5,-0.042,,-5.2,0.3,-5.0,-0.4
436,Yves Pons\ponsyv01,SF,22,MEM,6,21,4.3,.387,.333,.667,9.9,15.5,12.6,0.0,0.0,0.0,0.0,7.7,,0.0,0.0,0.0,.025,,-3.7,-2.8,-6.5,0.0
437,Jordan Poole\poolejo01,SG,22,GSW,34,1007,14.5,.579,.556,.229,0.9,10.1,5.7,18.0,1.5,0.9,13.8,25.3,,0.9,1.5,2.4,.115,,-0.3,0.2,-0.2,0.5
438,Kevin Porter Jr.\porteke02,PG,21,HOU,26,773,9.3,.463,.479,.285,3.0,12.9,8.0,29.7,2.0,1.1,22.4,24.3,,-1.3,0.3,-1.0,-0.063,,-3.2,-1.9,-5.0,-0.6
439,Michael Porter Jr.\portemi01,SF,23,DEN,9,265,8.0,.416,.466,.087,3.8,20.6,12.3,9.3,1.9,0.7,10.1,20.0,,-0.5,0.3,-0.1,-0.025,,-3.8,0.2,-3.6,-0.1
440,Otto Porter Jr.\porteot01,PF,28,GSW,34,729,15.5,.586,.594,.107,5.6,19.7,12.9,9.9,2.2,2.1,7.9,15.2,,1.1,1.5,2.7,.175,,1.1,2.2,3.3,1.0
441,Bobby Portis\portibo01,C,26,MIL,34,965,19.2,.582,.364,.170,10.7,23.1,17.0,7.5,1.3,2.9,11.1,22.4,,1.7,1.4,3.1,.155,,1.5,-0.8,0.7,0.7
442,Kristaps Porziņģis\porzikr01,PF,26,DAL,26,791,23.7,.563,.342,.330,7.6,21.3,14.4,13.4,1.3,5.1,7.4,29.0,,1.8,1.4,3.2,.192,,3.8,0.6,4.4,1.3
443,Micah Potter\pottemi01,C,23,DET,3,31,13.9,.505,.182,.182,13.1,18.4,15.6,0.0,1.6,2.9,7.8,17.8,,0.0,0.0,0.0,.077,,-4.2,-3.2,-7.4,0.0
444,Dwight Powell\poweldw01,C,30,DAL,40,813,16.2,.669,.164,.463,10.8,14.2,12.4,8.1,1.2,1.7,12.0,13.3,,2.2,1.0,3.2,.189,,-0.4,0.5,0.1,0.4
445,Myles Powell\powelmy01,PG,24,PHI,5,37,2.5,.427,.333,.167,3.0,11.8,7.4,7.6,1.4,0.0,18.9,19.3,,-0.1,0.0,-0.1,-0.083,,-9.6,-1.9,-11.5,-0.1
446,Norman Powell\powelno01,SF,28,POR,34,1120,16.2,.590,.405,.360,1.4,8.4,4.8,10.5,1.5,1.3,8.8,22.9,,2.0,0.2,2.2,.094,,1.0,-1.8,-0.8,0.3
447,Joshua Primo\primojo01,SG,19,SAS,17,229,10.5,.518,.536,.145,3.1,9.2,6.1,11.8,1.5,3.3,14.1,15.8,,0.0,0.2,0.2,.046,,-1.4,0.1,-1.3,0.1
448,Taurean Prince\princta02,PF,27,MIN,30,445,8.3,.507,.643,.178,2.7,12.2,7.2,8.1,1.4,1.6,11.5,14.7,,0.1,0.4,0.5,.049,,-3.1,-0.1,-3.2,-0.1
449,Payton Pritchard\pritcpa01,SG,24,BOS,31,420,9.8,.489,.641,.052,3.0,11.9,7.4,19.7,0.6,0.9,12.8,18.8,,0.1,0.3,0.4,.044,,-1.4,-1.4,-2.7,-0.1
450,Trevelin Queen\queentr01,SG,24,HOU,8,69,15.7,.610,.759,.103,7.9,14.1,11.0,7.1,3.5,0.0,18.8,23.0,,0.0,0.0,0.1,.048,,0.6,-0.9,-0.3,0.0
451,Neemias Queta\quetane01,C,22,SAC,4,34,11.3,.431,.000,.364,12.5,18.8,15.7,12.4,1.4,2.4,13.6,18.5,,0.0,0.0,0.0,.028,,-4.0,-0.2,-4.2,0.0
452,Immanuel Quickley\quickim01,PG,22,NYK,37,846,13.3,.545,.584,.214,1.6,9.4,5.5,18.8,1.4,0.3,10.8,21.4,,1.0,0.5,1.6,.090,,-0.3,-0.9,-1.3,0.2
453,Jahmi'us Ramsey\ramseja01,SG,20,SAC,15,83,7.5,.456,.324,.294,1.3,5.1,3.2,5.5,0.6,1.0,5.0,20.8,,-0.1,0.0,-0.1,-0.041,,-3.9,-3.2,-7.1,-0.1
454,Julius Randle\randlju01,PF,27,NYK,39,1384,15.9,.511,.337,.275,5.3,25.7,15.4,23.5,1.1,1.6,15.7,27.6,,0.0,1.7,1.7,.061,,0.3,-0.1,0.1,0.7
455,Austin Reaves\reaveau01,SG,23,LAL,22,447,9.6,.654,.568,.273,1.7,9.9,5.9,7.1,0.7,0.6,10.9,10.6,,0.6,0.2,0.9,.095,,-2.4,-0.6,-3.0,-0.1
456,Cam Reddish\reddica01,SF,22,ATL,34,797,13.4,.537,.446,.233,2.7,8.6,5.7,7.0,2.2,1.2,10.4,23.1,,0.3,0.4,0.7,.040,,-0.7,-1.1,-1.8,0.0
457,Davon Reed\reedda01,SG,26,DEN,14,233,11.6,.526,.451,.098,3.4,17.8,10.7,10.5,3.2,0.8,7.0,10.9,,0.2,0.4,0.6,.117,,-2.4,2.8,0.4,0.1
458,Paul Reed\reedpa01,C,22,PHI,19,179,13.8,.482,.095,.143,12.5,15.8,14.2,7.9,3.4,5.1,13.6,13.0,,0.1,0.3,0.4,.114,,-3.7,1.7,-2.0,0.0
459,Naz Reid\reidna01,C,22,MIN,38,634,17.1,.558,.357,.294,9.1,16.5,12.7,7.0,1.4,5.7,10.9,22.4,,0.8,0.8,1.6,.124,,-0.4,0.1,-0.2,0.3
460,Nick Richards\richani01,C,24,CHO,31,287,18.4,.723,.000,.397,9.6,15.5,12.5,5.4,1.5,6.3,17.3,15.3,,0.7,0.2,0.9,.155,,-1.5,0.1,-1.4,0.0
461,Josh Richardson\richajo01,SG,28,BOS,29,756,13.3,.582,.423,.243,2.5,8.6,5.5,8.3,1.7,1.7,8.0,16.7,,1.1,0.8,1.9,.119,,-0.6,0.7,0.1,0.4
462,Austin Rivers\riverau01,SG,29,DEN,29,595,6.1,.494,.648,.113,2.1,7.9,5.0,7.2,1.2,0.3,12.1,14.2,,-0.3,0.4,0.1,.008,,-4.2,-0.8,-5.0,-0.5
463,Duncan Robinson\robindu01,SG,27,MIA,37,1042,11.0,.551,.828,.077,1.6,11.9,6.8,7.9,1.2,0.8,6.1,18.2,,1.0,1.0,2.0,.093,,-0.1,-0.3,-0.5,0.4
464,Justin Robinson\robinju01,PG,24,TOT,25,304,3.9,.404,.656,.086,1.4,6.0,3.7,14.5,1.4,0.3,15.0,16.0,,-0.5,0.2,-0.3,-0.045,,-6.3,-1.5,-7.8,-0.4
464,Justin Robinson\robinju01,PG,24,MIL,17,198,4.6,.415,.649,.035,1.1,5.7,3.4,14.1,2.0,0.0,16.0,14.9,,-0.2,0.2,-0.1,-0.018,,-6.1,-0.6,-6.7,-0.2
464,Justin Robinson\robinju01,PG,24,SAC,3,15,-13.5,.125,.375,.000,0.0,7.1,3.6,17.4,0.0,0.0,11.1,25.6,,-0.1,0.0,-0.1,-0.447,,-18.0,-7.9,-25.9,-0.1
464,Justin Robinson\robinju01,PG,24,DET,5,91,5.2,.457,.750,.214,2.2,6.3,4.1,15.0,0.5,1.0,14.0,16.7,,-0.1,0.0,-0.1,-0.038,,-4.8,-2.5,-7.3,-0.1
465,Mitchell Robinson\robinmi01,C,23,NYK,37,922,19.5,.755,.000,.529,14.6,20.3,17.4,2.9,1.0,6.3,12.9,10.4,,2.8,1.3,4.1,.213,,0.5,0.6,1.1,0.7
466,Jeremiah Robinson-Earl\robinje02,C,21,OKC,36,819,11.4,.523,.517,.165,7.4,17.9,12.5,6.0,1.1,1.2,10.9,15.0,,0.4,0.8,1.1,.066,,-2.1,-0.8,-2.8,-0.2
467,Isaiah Roby\robyis01,PF,23,OKC,18,246,17.7,.649,.262,.250,8.1,16.4,12.2,9.1,0.8,2.3,13.9,19.0,,0.5,0.2,0.7,.137,,0.4,-0.5,-0.1,0.1
468,Rajon Rondo\rondora01,PG,35,TOT,21,354,8.4,.436,.463,.084,3.4,14.6,9.1,30.3,2.0,1.3,29.4,16.9,,-0.5,0.4,0.0,-0.007,,-3.6,0.5,-3.1,-0.1
468,Rajon Rondo\rondora01,PG,35,LAL,18,289,6.8,.383,.423,.028,3.7,13.9,8.9,29.9,2.0,1.6,32.1,15.7,,-0.5,0.3,-0.2,-0.039,,-4.5,0.2,-4.3,-0.2
468,Rajon Rondo\rondora01,PG,35,CLE,3,65,15.9,.582,.583,.250,1.7,17.6,9.9,32.0,2.3,0.0,20.8,22.7,,0.1,0.1,0.2,.136,,0.7,1.8,2.5,0.1
469,Derrick Rose\rosede01,PG,33,NYK,26,636,17.7,.541,.336,.113,3.5,9.7,6.6,27.7,1.7,1.8,11.9,22.8,,0.9,0.5,1.5,.112,,2.6,-0.6,2.1,0.7
470,Terrence Ross\rosste01,SG,30,ORL,33,868,12.6,.542,.454,.280,1.6,9.8,5.6,13.7,1.2,0.7,11.6,21.9,,0.3,0.3,0.7,.036,,-1.1,-1.2,-2.3,-0.1
471,Terry Rozier\roziete01,SG,27,CHO,32,1023,17.2,.558,.499,.152,2.2,10.9,6.4,15.9,1.8,1.3,6.8,23.0,,1.6,0.3,2.0,.093,,2.3,-1.2,1.1,0.8
472,Ricky Rubio\rubiori01,PG,31,CLE,34,970,14.4,.488,.423,.251,1.7,13.5,7.8,34.5,2.5,0.6,16.5,24.7,,0.2,1.6,1.7,.086,,-0.7,1.2,0.5,0.6
473,D'Angelo Russell\russeda01,PG,25,MIN,31,1021,16.4,.524,.523,.199,1.2,11.2,6.0,33.6,1.4,1.6,12.7,25.8,,1.4,0.8,2.2,.103,,2.4,-1.0,1.4,0.8
474,Domantas Sabonis\sabondo01,C,25,IND,40,1395,22.8,.649,.196,.457,10.3,27.9,19.1,21.2,1.5,1.0,17.4,22.3,,4.0,1.7,5.7,.197,,3.5,1.0,4.5,2.3
475,Olivier Sarr\sarrol01,C,22,OKC,2,14,15.1,.515,.333,.667,0.0,37.0,18.1,0.0,0.0,13.6,0.0,12.0,,0.0,0.0,0.0,.145,,-3.1,2.9,-0.2,0.0
476,Tomáš Satoranský\satorto01,SG,30,NOP,31,462,7.0,.386,.291,.243,4.1,10.8,7.4,21.1,1.5,0.2,16.8,12.7,,-0.2,0.2,-0.1,-0.006,,-4.8,-0.8,-5.6,-0.4
477,Jordan Schakel\schakjo01,SG,23,WAS,2,14,-10.6,.000,.500,.000,15.9,7.6,11.7,0.0,0.0,0.0,0.0,19.0,,-0.1,0.0,-0.1,-0.388,,-11.9,-8.5,-20.5,-0.1
478,Admiral Schofield\schofad01,SF,24,ORL,10,156,7.5,.590,.472,.028,1.4,18.6,9.9,8.9,0.3,1.8,18.0,12.3,,0.0,0.1,0.1,.024,,-4.8,-0.6,-5.4,-0.1
479,Dennis Schröder\schrode01,SG,28,BOS,34,1073,13.9,.534,.317,.260,1.9,9.7,5.7,23.5,1.3,0.3,13.4,23.9,,0.8,0.9,1.7,.077,,-1.2,-1.0,-2.2,-0.1
480,Tre Scott\scotttr01,SF,25,CLE,2,11,20.7,.500,.167,.000,10.2,9.4,9.8,0.0,4.5,8.0,0.0,23.9,,0.0,0.0,0.0,.156,,-4.8,1.8,-2.9,0.0
481,Jay Scrubb\scrubja01,SG,21,LAC,13,74,13.1,.478,.500,.176,1.5,9.7,5.7,15.0,2.0,3.4,7.6,23.5,,0.0,0.1,0.1,.045,,-2.2,-0.2,-2.4,0.0
482,Wayne Selden\seldewa01,SG,27,NYK,3,19,4.6,.434,.500,1.000,0.0,5.7,2.8,7.3,0.0,0.0,0.0,13.4,,0.0,0.0,0.0,.010,,-4.1,-2.3,-6.4,0.0
483,Alperen Şengün\sengual01,C,19,HOU,35,644,18.2,.579,.177,.536,10.2,18.0,14.1,22.8,2.4,4.3,20.0,22.4,,0.8,0.6,1.4,.105,,-0.4,1.2,0.8,0.5
484,Collin Sexton\sextoco01,SG,23,CLE,11,316,11.6,.523,.298,.258,4.6,7.6,6.1,11.9,1.6,0.0,15.6,27.6,,-0.3,0.3,0.1,.012,,-3.2,-0.6,-3.7,-0.1
485,Landry Shamet\shamela01,SG,24,PHO,36,737,10.5,.536,.684,.160,1.3,9.3,5.4,10.1,1.2,0.4,7.4,16.5,,0.6,0.8,1.4,.092,,-0.7,0.2,-0.6,0.3
486,Day'Ron Sharpe\sharpda01,PF,20,BRK,14,114,22.5,.634,.070,.395,26.3,19.6,22.8,2.9,1.3,4.6,19.2,23.7,,0.2,0.2,0.4,.170,,-0.2,-2.0,-2.2,0.0
487,Pascal Siakam\siakapa01,PF,27,TOR,25,893,19.4,.547,.212,.313,5.8,20.2,12.6,21.0,1.4,2.1,11.8,25.5,,1.6,0.9,2.4,.131,,2.2,0.0,2.2,0.9
488,Chris Silva\silvach01,PF,25,TOT,6,64,16.7,.708,.000,.692,17.5,29.7,23.5,6.8,0.0,0.0,19.1,14.5,,0.2,0.1,0.3,.212,,-1.9,-0.6,-2.5,0.0
488,Chris Silva\silvach01,PF,25,MIN,1,3,3.9,,,,0.0,36.8,17.6,0.0,0.0,0.0,,0.0,,0.0,0.0,0.0,.058,,-5.8,-1.1,-6.9,0.0
488,Chris Silva\silvach01,PF,25,MIA,5,61,17.4,.708,.000,.692,18.3,29.3,23.8,7.2,0.0,0.0,19.1,15.2,,0.2,0.1,0.3,.219,,-1.7,-0.6,-2.3,0.0
489,Marko Simonovic\simonma01,C,22,CHI,6,22,-3.0,.259,.429,.857,15.1,14.9,15.0,0.0,0.0,4.0,17.2,23.2,,-0.1,0.0,-0.1,-0.194,,-14.2,-5.8,-19.9,-0.1
490,Anfernee Simons\simonan01,SG,22,POR,35,911,15.0,.576,.534,.131,2.3,9.1,5.6,18.5,0.8,0.5,10.6,23.0,,1.5,-0.1,1.4,.073,,1.4,-2.6,-1.3,0.2
491,Jericho Sims\simsje01,PF,23,NYK,12,84,14.5,.966,.000,.667,8.9,18.1,13.5,1.7,1.2,5.8,20.5,5.2,,0.2,0.1,0.3,.167,,-0.4,1.8,1.4,0.1
492,Deividas Sirvydis\sirvyde01,SG,21,DET,3,27,0.2,.150,.700,.000,0.0,25.4,11.9,5.1,5.4,3.4,0.0,15.8,,-0.1,0.1,-0.1,-0.141,,-10.8,1.9,-8.8,0.0
493,Javonte Smart\smartja01,PG,22,MIL,13,160,2.7,.340,.419,.140,2.7,9.7,6.2,11.3,1.2,1.2,16.5,14.6,,-0.3,0.1,-0.2,-0.061,,-7.1,-0.8,-8.0,-0.2
494,Marcus Smart\smartma01,PG,27,BOS,38,1294,12.7,.509,.465,.254,2.0,10.6,6.3,22.9,2.8,0.8,15.1,17.3,,0.7,1.7,2.4,.089,,-2.1,1.5,-0.7,0.4
495,Dennis Smith Jr.\smithde03,PG,24,POR,22,376,12.8,.457,.210,.277,3.5,12.0,7.6,28.4,3.5,2.3,20.3,19.4,,-0.2,0.3,0.1,.014,,-2.3,0.9,-1.4,0.1
496,Ish Smith\smithis01,PG,33,CHO,27,389,9.4,.442,.129,.115,1.0,9.8,5.3,26.1,1.8,1.7,17.0,19.1,,-0.4,0.1,-0.2,-0.027,,-4.0,-1.5,-5.5,-0.3
497,Jalen Smith\smithja04,PF,21,PHO,19,271,19.8,.581,.255,.349,17.2,21.9,19.6,2.7,0.7,3.5,10.3,21.7,,0.6,0.5,1.1,.196,,0.6,-1.0,-0.5,0.1
498,Xavier Sneed\sneedxa01,SF,24,MEM,2,8,-7.3,.000,1.000,.000,13.0,13.5,13.3,0.0,0.0,0.0,0.0,10.4,,0.0,0.0,0.0,-0.158,,-14.2,-5.9,-20.1,0.0
499,Tony Snell\snellto01,SG,30,POR,28,347,5.3,.514,.780,.051,2.2,10.7,6.4,6.2,0.7,1.1,10.4,8.5,,0.1,0.0,0.1,.015,,-3.5,-1.1,-4.6,-0.2
500,Jaden Springer\sprinja01,SG,19,PHI,2,6,27.0,1.000,.000,.000,18.6,18.1,18.4,0.0,0.0,30.5,50.0,15.0,,0.0,0.0,0.0,.142,,8.5,8.6,17.1,0.0
501,Cassius Stanley\stanlca01,SG,22,DET,5,106,10.3,.548,.364,.242,4.8,7.6,6.1,4.5,1.4,1.7,12.0,16.7,,0.0,0.1,0.1,.040,,-3.1,-1.4,-4.5,-0.1
502,Nik Stauskas\stausni01,SG,28,MIA,2,24,13.6,.564,.500,.500,4.7,9.3,7.0,6.0,0.0,0.0,0.0,18.0,,0.1,0.0,0.1,.150,,0.4,-1.5,-1.1,0.0
503,Lance Stephenson\stephla01,SF-SG,31,TOT,11,192,14.9,.562,.362,.130,1.7,15.9,8.8,29.4,1.3,0.0,14.1,19.3,,0.3,0.1,0.4,.099,,-0.6,-0.4,-1.0,0.0
503,Lance Stephenson\stephla01,SF,31,ATL,6,70,4.8,.396,.231,.154,1.6,21.5,11.6,20.2,0.0,0.0,22.4,11.1,,-0.1,0.0,0.0,-0.028,,-6.4,-1.0,-7.5,-0.1
503,Lance Stephenson\stephla01,SG,31,IND,5,122,20.8,.601,.393,.125,1.8,12.7,7.3,34.7,2.0,0.0,11.9,24.0,,0.3,0.1,0.4,.171,,2.7,-0.1,2.7,0.1
504,Lamar Stevens\stevela01,PF,24,CLE,27,377,9.1,.507,.306,.171,5.6,10.7,8.3,6.5,1.2,1.4,10.5,15.5,,0.1,0.5,0.5,.067,,-3.2,0.4,-2.9,-0.1
505,Isaiah Stewart\stewais01,C,20,DET,32,819,13.6,.556,.094,.256,10.4,25.1,17.3,6.6,0.7,4.7,15.0,13.9,,0.6,0.9,1.5,.086,,-3.0,-0.1,-3.1,-0.2
506,Max Strus\strusma01,SF,25,MIA,29,675,14.9,.636,.731,.133,1.7,15.1,8.4,8.1,0.7,0.3,7.4,18.6,,1.3,0.6,2.0,.139,,2.4,-0.7,1.7,0.6
507,Jalen Suggs\suggsja01,PG,20,ORL,21,583,7.7,.444,.397,.296,2.9,10.1,6.5,20.6,2.0,1.4,18.7,26.6,,-1.5,0.4,-1.1,-0.092,,-5.0,-1.0,-6.0,-0.6
508,Craig Sword\swordcr01,SG,,WAS,3,19,14.6,.750,.250,.000,0.0,0.0,0.0,7.8,10.4,0.0,20.0,11.7,,0.0,0.0,0.1,.170,,-8.3,10.0,1.6,0.0
509,Keifer Sykes\sykeske01,PG,28,IND,7,188,10.8,.539,.541,.148,1.2,10.0,5.6,19.3,1.1,0.5,13.3,17.4,,0.1,0.1,0.2,.064,,-1.4,-1.0,-2.4,0.0
510,Jae'Sean Tate\tateja01,SF,26,HOU,40,1090,15.0,.560,.271,.276,6.9,15.9,11.4,17.9,1.5,2.0,14.0,20.0,,1.3,0.4,1.7,.076,,-0.8,-0.7,-1.5,0.1
511,Jayson Tatum\tatumja01,SF,23,BOS,37,1359,19.1,.534,.398,.287,3.3,21.7,12.4,18.2,1.4,2.0,10.7,32.0,,1.1,1.9,3.0,.106,,2.5,-0.1,2.4,1.5
512,Terry Taylor\taylote01,SG,22,IND,1,1,32.5,,,,0.0,0.0,0.0,100.0,0.0,0.0,,0.0,,0.0,0.0,0.0,.433,,23.7,9.4,33.1,0.0
513,Garrett Temple\templga01,SG,35,NOP,39,770,10.4,.537,.649,.142,3.4,12.7,8.0,9.4,2.0,2.1,13.2,14.4,,0.3,0.5,0.8,.050,,-1.9,0.1,-1.9,0.0
514,Emanuel Terry\terryem01,PF,25,PHO,3,18,-0.1,.000,.000,.000,48.1,39.8,43.8,12.7,2.7,0.0,50.0,23.9,,-0.1,0.0,-0.1,-0.249,,-13.1,-5.5,-18.6,-0.1
515,Tyrell Terry\terryty01,PG,21,MEM,2,3,20.7,1.000,.000,.000,0.0,0.0,0.0,0.0,0.0,0.0,0.0,13.9,,0.0,0.0,0.0,.218,,-3.1,2.2,-0.9,0.0
516,Jon Teske\teskejo01,C,24,MEM,3,8,1.6,.000,.000,2.000,0.0,27.1,13.3,14.3,6.1,0.0,0.0,9.8,,0.0,0.0,0.0,-0.089,,-8.2,3.2,-5.0,0.0
517,Daniel Theis\theisda01,C,29,HOU,24,562,11.1,.553,.439,.220,6.0,18.3,12.2,5.2,0.9,2.6,13.7,16.6,,0.2,0.2,0.4,.031,,-2.2,-1.2,-3.4,-0.2
518,Brodric Thomas\thomabr01,SG,25,BOS,5,22,1.7,.291,.667,.333,4.8,14.8,9.7,18.1,0.0,0.0,22.5,17.7,,-0.1,0.0,-0.1,-0.128,,-6.3,-1.7,-8.0,0.0
519,Cam Thomas\thomaca02,SG,20,BRK,28,458,10.9,.490,.388,.144,1.2,13.8,7.8,10.6,1.6,0.8,9.1,20.8,,-0.2,0.5,0.3,.028,,-2.4,-0.8,-3.2,-0.1
520,Isaiah Thomas\thomais02,PG,32,TOT,5,114,4.5,.415,.532,.234,0.9,6.3,3.7,13.2,0.0,1.6,8.8,21.5,,-0.2,0.0,-0.1,-0.061,,-5.0,-2.8,-7.7,-0.2
520,Isaiah Thomas\thomais02,PG,32,LAL,4,101,3.4,.422,.564,.282,1.1,7.1,4.2,8.1,0.0,1.8,10.2,20.7,,-0.2,0.0,-0.1,-0.070,,-5.6,-2.6,-8.2,-0.2
520,Isaiah Thomas\thomais02,PG,32,DAL,1,13,13.0,.375,.375,.000,0.0,0.0,0.0,53.0,0.0,0.0,0.0,27.5,,0.0,0.0,0.0,.012,,-0.2,-3.6,-3.8,0.0
521,Matt Thomas\thomama02,SG,27,CHI,15,145,8.9,.502,.638,.085,0.8,9.8,5.3,5.5,1.0,0.6,2.0,15.0,,0.1,0.1,0.2,.054,,-1.7,-1.3,-3.0,0.0
522,Klay Thompson\thompkl01,SG,31,GSW,2,40,13.0,.486,.419,.065,2.8,13.1,8.2,18.7,1.2,4.8,13.6,40.1,,-0.1,0.1,0.0,-0.053,,0.6,0.0,0.7,0.0
523,Tristan Thompson\thomptr01,PF,30,SAC,30,455,15.6,.521,.007,.397,16.8,20.9,18.8,6.0,1.2,2.2,14.1,19.4,,0.4,0.3,0.7,.077,,-1.6,-1.9,-3.5,-0.2
524,JT Thor\thorjt01,PF,19,CHO,10,109,7.9,.456,.640,.320,4.7,9.0,6.8,6.9,1.7,5.3,12.3,12.6,,0.0,0.1,0.0,.014,,-4.7,-1.2,-6.0,-0.1
525,Matisse Thybulle\thybuma01,SG,24,PHI,30,781,10.9,.579,.507,.061,2.3,7.7,5.0,5.9,3.5,3.9,13.1,10.1,,0.3,1.1,1.5,.089,,-2.6,3.2,0.6,0.5
526,Killian Tillie\tilliki02,C,23,MEM,27,354,9.1,.458,.646,.081,5.6,9.2,7.3,5.1,2.6,3.4,7.2,13.0,,0.1,0.4,0.5,.068,,-3.1,0.7,-2.4,0.0
527,Xavier Tillman Sr.\tillmxa01,PF,23,MEM,31,450,15.7,.495,.243,.309,9.7,14.9,12.3,11.0,4.0,2.9,12.5,16.3,,0.3,0.8,1.1,.121,,-0.8,2.2,1.5,0.4
528,Isaiah Todd\toddis01,PF,20,WAS,9,35,15.8,.477,.667,.267,6.4,21.3,14.0,4.2,2.8,4.8,5.6,22.5,,0.0,0.1,0.0,.064,,1.7,0.2,1.9,0.0
529,Obi Toppin\toppiob01,PF,23,NYK,36,586,18.3,.600,.281,.333,6.9,18.3,12.6,11.1,1.0,3.0,11.1,20.5,,1.2,0.6,1.8,.149,,0.8,0.1,0.9,0.4
530,Juan Toscano-Anderson\toscaju01,SF,28,GSW,38,618,11.6,.560,.326,.291,4.0,15.3,9.9,18.2,2.3,2.0,21.7,14.3,,0.3,1.2,1.5,.116,,-2.6,2.7,0.1,0.3
531,Karl-Anthony Towns\townska01,C,26,MIN,34,1173,23.7,.630,.322,.355,8.6,20.2,14.2,18.7,1.5,3.4,15.3,27.9,,3.1,1.5,4.7,.191,,4.7,0.6,5.3,2.2
532,Gary Trent Jr.\trentga02,SG,23,TOR,33,1122,14.6,.537,.507,.122,1.2,8.2,4.5,9.4,2.8,1.1,5.8,20.3,,1.5,1.0,2.5,.105,,-0.1,0.3,0.3,0.6
533,P.J. Tucker\tuckepj01,PF,36,MIA,34,970,12.8,.622,.471,.159,6.8,15.4,11.1,11.0,1.3,1.2,12.9,11.6,,1.7,1.1,2.8,.139,,0.4,1.0,1.4,0.8
534,Rayjon Tucker\tuckera01,SG,24,DEN,3,29,14.2,.798,1.000,2.000,3.9,11.3,7.6,17.4,1.7,0.0,0.0,5.8,,0.1,0.0,0.1,.224,,0.5,1.2,1.7,0.0
535,Myles Turner\turnemy01,C,25,IND,40,1183,18.3,.624,.473,.273,5.6,21.2,13.4,5.4,1.0,8.4,11.5,17.3,,1.9,1.8,3.7,.152,,0.4,1.6,2.0,1.2
536,Jonas Valančiūnas\valanjo01,C,29,NOP,38,1200,21.7,.603,.173,.308,11.8,30.2,20.8,13.5,0.9,2.7,13.8,24.1,,2.6,1.1,3.7,.150,,2.6,-0.7,1.9,1.2
537,Denzel Valentine\valende01,SG,28,CLE,22,204,8.6,.516,.710,.000,4.9,14.8,10.0,7.6,1.7,0.0,13.9,15.4,,0.0,0.3,0.3,.060,,-2.5,0.3,-2.3,0.0
538,Jarred Vanderbilt\vandeja01,PF,22,MIN,36,918,16.3,.591,.056,.298,12.7,25.7,18.9,7.4,3.0,3.1,16.2,10.9,,1.4,1.7,3.1,.164,,-0.9,1.8,0.9,0.7
539,Fred VanVleet\vanvlfr01,PG,27,TOR,35,1320,20.4,.586,.541,.191,2.2,12.4,7.0,27.8,2.2,1.4,12.5,24.3,,3.4,1.2,4.6,.168,,5.0,0.3,5.3,2.4
540,Devin Vassell\vassede01,SF,21,SAS,32,801,13.9,.552,.498,.097,2.8,13.5,8.1,8.2,1.9,2.4,7.5,18.4,,0.6,0.8,1.5,.088,,-0.2,0.0,-0.1,0.4
541,Gabe Vincent\vincega01,PG,25,MIA,32,698,12.1,.566,.604,.135,2.4,8.3,5.4,20.0,1.9,1.1,16.5,18.5,,0.6,0.7,1.3,.092,,-1.1,0.1,-1.0,0.2
542,Nikola Vučević\vucevni01,C,31,CHI,31,1028,17.4,.495,.315,.087,6.6,31.1,18.9,15.6,1.6,2.9,8.6,23.4,,0.4,1.8,2.2,.103,,0.5,0.4,0.9,0.8
543,Dean Wade\wadede01,PF,25,CLE,29,572,9.7,.551,.632,.104,4.5,13.6,9.2,8.4,1.3,0.3,7.8,10.8,,0.6,0.7,1.3,.113,,-2.0,1.0,-1.0,0.1
544,Franz Wagner\wagnefr01,SF,20,ORL,41,1317,14.8,.546,.274,.240,3.9,11.6,7.7,13.7,1.5,1.4,9.8,21.5,,1.2,0.7,2.0,.071,,-0.3,-0.7,-1.0,0.3
545,Moritz Wagner\wagnemo01,C,24,ORL,31,358,15.4,.590,.585,.361,4.7,17.1,10.9,12.3,0.8,1.8,11.9,23.4,,0.5,0.2,0.7,.098,,-0.1,-0.9,-0.9,0.1
546,Ish Wainright\wainris01,PF,27,PHO,16,105,5.1,.364,.588,.118,11.3,9.7,10.5,9.7,2.8,0.8,16.4,17.5,,-0.2,0.2,0.0,-0.005,,-6.4,0.6,-5.9,-0.1
547,Kemba Walker\walkeke02,PG,31,NYK,24,654,16.3,.553,.527,.183,1.8,12.3,7.0,22.1,1.5,0.7,10.1,22.3,,1.0,0.5,1.6,.115,,1.9,-0.3,1.7,0.6
548,Lonnie Walker IV\walkelo01,SG,23,SAS,36,820,12.6,.505,.482,.167,1.0,12.5,6.7,14.9,1.2,0.9,8.5,23.6,,0.1,0.6,0.7,.042,,-1.0,-1.4,-2.4,-0.1
549,M.J. Walker\walkemj01,SG,23,PHO,2,8,-3.4,.000,.500,.000,0.0,12.8,6.6,14.3,12.0,0.0,0.0,21.5,,-0.1,0.0,0.0,-0.272,,-15.9,6.2,-9.8,0.0
550,Derrick Walton\waltode01,PG,26,DET,3,108,6.1,.342,.500,.154,1.9,8.5,5.0,27.7,3.1,3.4,28.4,15.3,,-0.3,0.1,-0.2,-0.068,,-5.4,0.7,-4.7,-0.1
551,Brad Wanamaker\wanambr01,PG,32,TOT,23,320,8.0,.472,.221,.325,2.1,11.4,6.7,23.2,1.1,1.6,20.7,15.1,,0.0,0.2,0.2,.026,,-5.1,-0.5,-5.6,-0.3
551,Brad Wanamaker\wanambr01,PG,32,IND,22,293,7.0,.465,.236,.306,2.3,11.0,6.6,22.1,0.8,1.8,22.0,15.6,,-0.1,0.2,0.0,.007,,-5.5,-1.0,-6.5,-0.3
551,Brad Wanamaker\wanambr01,PG,32,WAS,1,27,18.6,.554,.000,.600,0.0,15.8,8.1,34.3,3.7,0.0,0.0,10.4,,0.1,0.0,0.1,.226,,-1.5,4.8,3.3,0.0
552,Duane Washington Jr.\washidu02,PG,21,IND,10,211,8.6,.456,.489,.193,0.5,8.9,4.7,13.2,1.6,0.4,10.3,22.0,,-0.2,0.1,-0.1,-0.016,,-3.7,-1.9,-5.6,-0.2
553,P.J. Washington\washipj01,PF,23,CHO,24,601,15.7,.596,.569,.221,5.4,18.3,11.7,13.1,1.5,4.1,13.4,17.4,,0.9,0.4,1.3,.105,,0.7,0.0,0.7,0.4
554,Yuta Watanabe\watanyu01,SF,27,TOR,15,302,10.9,.506,.542,.229,4.4,18.1,10.9,7.0,1.2,2.6,10.2,16.6,,0.1,0.3,0.4,.061,,-1.5,-0.8,-2.3,0.0
555,Tremont Waters\watertr01,PG,24,TOT,3,50,5.7,.357,.643,.000,0.0,9.1,4.3,18.4,5.0,0.0,22.2,15.4,,-0.1,0.1,0.0,-0.043,,-7.4,-0.3,-7.7,-0.1
555,Tremont Waters\watertr01,PG,24,TOR,2,42,5.3,.333,.750,.000,0.0,10.9,5.1,21.9,4.7,0.0,25.0,16.2,,-0.1,0.1,-0.1,-0.064,,-7.1,-1.1,-8.2,-0.1
555,Tremont Waters\watertr01,PG,24,WAS,1,8,7.5,.500,.000,.000,0.0,0.0,0.0,0.0,6.2,0.0,0.0,11.1,,0.0,0.0,0.0,.067,,-9.0,4.0,-5.0,0.0
556,Trendon Watford\watfotr01,SF,21,POR,14,102,13.5,.482,.000,.400,8.5,25.4,16.8,11.7,1.0,5.6,14.5,17.6,,0.0,0.1,0.1,.036,,-3.1,-0.6,-3.7,0.0
557,Paul Watson\watsopa01,SF,27,OKC,9,156,6.0,.432,.743,.057,1.9,16.0,8.8,7.4,0.9,1.8,10.0,11.1,,-0.1,0.1,0.0,.009,,-4.8,-0.8,-5.6,-0.1
558,Quinndary Weatherspoon\weathqu01,SG,25,GSW,3,16,17.2,1.000,.000,.000,0.0,6.6,3.4,0.0,3.0,6.0,20.0,13.6,,0.0,0.0,0.1,.184,,-3.6,5.1,1.6,0.0
559,Russell Westbrook\westbru01,PG,33,LAL,41,1453,15.5,.509,.212,.334,4.2,19.6,12.0,35.5,1.5,0.7,19.4,27.9,,-0.2,1.6,1.4,.045,,-0.5,-0.6,-1.1,0.3
560,Coby White\whiteco01,PG,21,CHI,20,496,12.8,.582,.525,.210,0.7,10.6,5.6,13.9,0.8,0.9,10.8,19.6,,0.6,0.4,0.9,.091,,-1.1,-1.7,-2.8,-0.1
561,Derrick White\whitede01,SG,27,SAS,37,1130,16.5,.542,.441,.277,1.7,10.3,6.0,24.5,1.9,2.6,11.0,20.7,,1.7,1.1,2.8,.118,,1.1,0.6,1.7,1.1
562,Hassan Whiteside\whiteha01,C,32,UTA,36,589,22.6,.652,.000,.476,15.8,28.8,22.6,3.1,0.7,6.9,12.7,18.9,,1.8,1.1,2.9,.234,,0.1,0.9,1.0,0.4
563,Joe Wieskamp\wieskjo01,SG,22,SAS,11,65,17.5,.664,.714,.333,3.2,4.9,4.0,6.4,1.5,2.6,0.0,15.6,,0.2,0.0,0.2,.171,,3.2,0.2,3.4,0.1
564,Aaron Wiggins\wiggiaa01,SG,23,OKC,22,459,11.8,.592,.454,.261,3.3,12.2,7.6,8.5,1.6,1.0,11.4,14.1,,0.5,0.4,0.9,.089,,-2.9,0.4,-2.5,-0.1
565,Andrew Wiggins\wiggian01,SF,26,GSW,36,1137,16.7,.586,.370,.257,4.1,10.8,7.6,9.6,1.5,1.8,9.5,24.2,,1.5,1.8,3.3,.139,,1.4,0.1,1.5,1.0
566,Brandon Williams\willibr03,PG,22,POR,2,12,26.9,.658,.000,2.333,0.0,18.7,9.2,26.0,0.0,0.0,0.0,22.1,,0.1,0.0,0.1,.287,,5.1,-1.0,4.2,0.0
567,Grant Williams\willigr01,PF,23,BOS,36,825,11.9,.655,.681,.214,3.6,11.9,7.7,6.3,1.1,2.6,12.3,12.1,,1.3,0.9,2.2,.125,,-0.7,0.6,-0.1,0.4
568,Kenrich Williams\willike04,SF,27,OKC,36,742,13.7,.538,.350,.180,6.6,13.3,9.9,14.5,2.3,0.6,11.4,15.4,,0.7,0.8,1.5,.095,,-1.6,1.1,-0.4,0.3
569,Lou Williams\willilo02,PG,35,ATL,27,388,10.3,.465,.326,.227,2.2,9.7,6.0,15.0,1.9,0.5,11.7,24.1,,-0.3,0.1,-0.2,-0.021,,-3.9,-2.2,-6.1,-0.4
570,Patrick Williams\willipa01,PF,20,CHI,5,125,9.6,.666,.261,.174,0.9,8.7,4.8,3.2,1.2,1.4,7.5,9.4,,0.2,0.1,0.3,.101,,-2.5,0.5,-2.0,0.0
571,Robert Williams\williro04,C,24,BOS,32,939,22.0,.751,.000,.287,13.9,18.9,16.4,9.1,1.5,6.9,15.6,11.7,,3.0,1.6,4.6,.236,,2.3,2.2,4.4,1.5
572,Ziaire Williams\willizi02,SF,20,MEM,24,455,7.1,.506,.603,.071,1.4,6.7,4.0,5.6,1.2,1.2,8.8,14.6,,0.1,0.3,0.3,.034,,-3.8,-1.4,-5.2,-0.4
573,D.J. Wilson\wilsodj01,PF,25,TOR,3,48,26.9,.779,.182,.909,2.1,30.9,15.8,12.5,5.2,2.1,11.5,15.5,,0.2,0.1,0.3,.317,,1.6,3.0,4.6,0.1
574,Dylan Windler\windldy01,SF,25,CLE,26,271,10.0,.577,.690,.069,5.0,14.9,10.1,11.6,1.3,0.6,14.3,11.3,,0.3,0.4,0.6,.115,,-1.6,1.8,0.2,0.1
575,Justise Winslow\winslju01,SF,25,LAC,31,352,11.7,.474,.214,.170,5.5,22.2,14.0,14.5,2.4,3.1,18.9,18.5,,-0.4,0.7,0.3,.038,,-4.1,1.6,-2.5,0.0
576,Cassius Winston\winstca01,PG,23,WAS,2,7,2.9,.347,1.000,1.000,0.0,0.0,0.0,34.4,0.0,0.0,25.8,24.6,,0.0,0.0,0.0,-0.181,,-4.7,-6.0,-10.7,0.0
577,Christian Wood\woodch01,C,26,HOU,39,1200,18.1,.558,.353,.355,6.5,28.8,17.7,11.7,1.0,2.7,10.1,23.5,,1.4,0.9,2.3,.092,,1.3,-1.2,0.1,0.6
578,Robert Woodard II\woodaro01,SF,22,SAC,8,15,2.4,.512,.250,.500,0.0,14.2,7.1,0.0,0.0,0.0,17.0,16.7,,0.0,0.0,0.0,-0.045,,-6.3,-3.3,-9.6,0.0
579,Delon Wright\wrighde01,SG,29,ATL,34,598,13.1,.549,.359,.222,4.9,13.1,9.0,18.6,2.1,1.1,16.3,11.2,,0.8,0.3,1.2,.093,,-0.1,0.9,0.8,0.4
580,McKinley Wright IV\wrighmc01,PG,23,MIN,1,4,18.4,1.500,1.000,.000,0.0,0.0,0.0,0.0,0.0,0.0,50.0,20.9,,0.0,0.0,0.0,-0.130,,4.9,-4.2,0.7,0.0
581,Moses Wright\wrighmo01,PF,23,LAC,1,1,32.0,,,,0.0,0.0,0.0,100.0,0.0,0.0,,0.0,,0.0,0.0,0.0,.449,,10.9,13.6,24.5,0.0
582,Thaddeus Young\youngth01,PF,33,SAS,23,323,19.6,.566,.026,.158,10.8,14.7,12.7,24.6,3.0,1.6,15.9,19.0,,0.5,0.4,1.0,.145,,1.1,1.7,2.8,0.4
583,Trae Young\youngtr01,PG,23,ATL,35,1213,25.5,.581,.347,.319,2.4,10.1,6.3,48.3,1.3,0.3,14.6,35.5,,3.9,0.2,4.1,.163,,6.8,-2.3,4.5,2.0
584,Omer Yurtseven\yurtsom01,C,23,MIA,31,459,16.1,.497,.045,.263,13.7,34.3,24.0,9.9,1.6,3.8,13.9,19.5,,0.2,0.9,1.2,.122,,-2.4,0.4,-2.0,0.0
585,Cody Zeller\zelleco01,C,29,POR,27,355,17.8,.627,.044,.544,15.3,23.8,19.4,9.3,1.1,1.6,14.6,16.0,,1.0,0.2,1.2,.159,,-0.6,-1.2,-1.8,0.0
586,Ivica Zubac\zubaciv01,C,24,LAC,38,930,18.7,.697,.000,.571,11.8,22.7,17.4,6.6,1.0,3.8,16.4,14.3,,2.4,1.6,4.0,.204,,0.0,1.2,1.2,0.7